placeItem,placeLabel,countryItem,countryLabel
http://www.wikidata.org/entity/Q29520,China,,
http://www.wikidata.org/entity/Q213137,Indië,,
http://www.wikidata.org/entity/Q76048,Kongo-Vrijstaat,,
http://www.wikidata.org/entity/Q1021018,El Harrach,http://www.wikidata.org/entity/Q262,Algerije
http://www.wikidata.org/entity/Q414,Argentinië,http://www.wikidata.org/entity/Q414,Argentinië
http://www.wikidata.org/entity/Q1486,Buenos Aires,http://www.wikidata.org/entity/Q414,Argentinië
http://www.wikidata.org/entity/Q44762,Entre Ríos,http://www.wikidata.org/entity/Q414,Argentinië
http://www.wikidata.org/entity/Q44213,Paraná,http://www.wikidata.org/entity/Q414,Argentinië
http://www.wikidata.org/entity/Q408,Australië,http://www.wikidata.org/entity/Q408,Australië
http://www.wikidata.org/entity/Q17856,Ballarat,http://www.wikidata.org/entity/Q408,Australië
http://www.wikidata.org/entity/Q34932,Brisbane,http://www.wikidata.org/entity/Q408,Australië
http://www.wikidata.org/entity/Q36074,Queensland,http://www.wikidata.org/entity/Q408,Australië
http://www.wikidata.org/entity/Q667610,Singleton,http://www.wikidata.org/entity/Q408,Australië
http://www.wikidata.org/entity/Q3130,Sydney,http://www.wikidata.org/entity/Q408,Australië
http://www.wikidata.org/entity/Q55453014,Warrabah,http://www.wikidata.org/entity/Q408,Australië
http://www.wikidata.org/entity/Q815948,Q815948,http://www.wikidata.org/entity/Q31,België
http://www.wikidata.org/entity/Q2603716,Aalbeke,http://www.wikidata.org/entity/Q31,België
http://www.wikidata.org/entity/Q13121,Aalst,http://www.wikidata.org/entity/Q31,België
http://www.wikidata.org/entity/Q300970,Aalter,http://www.wikidata.org/entity/Q31,België
http://www.wikidata.org/entity/Q273442,Aarschot,http://www.wikidata.org/entity/Q31,België
http://www.wikidata.org/entity/Q2750562,Aarsele,http://www.wikidata.org/entity/Q31,België
http://www.wikidata.org/entity/Q2751461,Aartrijke,http://www.wikidata.org/entity/Q31,België
http://www.wikidata.org/entity/Q95096,Aat,http://www.wikidata.org/entity/Q31,België
http://www.wikidata.org/entity/Q301745,Adinkerke,http://www.wikidata.org/entity/Q31,België
http://www.wikidata.org/entity/Q661993,Alsemberg,http://www.wikidata.org/entity/Q31,België
http://www.wikidata.org/entity/Q448840,Alveringem,http://www.wikidata.org/entity/Q31,België
http://www.wikidata.org/entity/Q12886,Anderlecht,http://www.wikidata.org/entity/Q31,België
http://www.wikidata.org/entity/Q499594,Ans,http://www.wikidata.org/entity/Q31,België
http://www.wikidata.org/entity/Q12892,Antwerpen,http://www.wikidata.org/entity/Q31,België
http://www.wikidata.org/entity/Q614274,Anzegem,http://www.wikidata.org/entity/Q31,België
http://www.wikidata.org/entity/Q724577,Appels,http://www.wikidata.org/entity/Q31,België
http://www.wikidata.org/entity/Q639974,Ardooie,http://www.wikidata.org/entity/Q31,België
http://www.wikidata.org/entity/Q2741141,Aspelare,http://www.wikidata.org/entity/Q31,België
http://www.wikidata.org/entity/Q3474562,Asper,http://www.wikidata.org/entity/Q31,België
http://www.wikidata.org/entity/Q739996,Assebroek,http://www.wikidata.org/entity/Q31,België
http://www.wikidata.org/entity/Q177133,Avelgem,http://www.wikidata.org/entity/Q31,België
http://www.wikidata.org/entity/Q842943,Baardegem,http://www.wikidata.org/entity/Q31,België
http://www.wikidata.org/entity/Q2878342,Bachte-Maria-Leerne,http://www.wikidata.org/entity/Q31,België
http://www.wikidata.org/entity/Q723651,Balen,http://www.wikidata.org/entity/Q31,België
http://www.wikidata.org/entity/Q705013,Bavikhove,http://www.wikidata.org/entity/Q31,België
http://www.wikidata.org/entity/Q687921,Beernem,http://www.wikidata.org/entity/Q31,België
http://www.wikidata.org/entity/Q2789957,Bekegem,http://www.wikidata.org/entity/Q31,België
http://www.wikidata.org/entity/Q2346906,Bellegem,http://www.wikidata.org/entity/Q31,België
http://www.wikidata.org/entity/Q2896939,Berchem,http://www.wikidata.org/entity/Q31,België
http://www.wikidata.org/entity/Q818804,Berchem,http://www.wikidata.org/entity/Q31,België
http://www.wikidata.org/entity/Q83407,Bergen,http://www.wikidata.org/entity/Q31,België
http://www.wikidata.org/entity/Q242407,Beringen,http://www.wikidata.org/entity/Q31,België
http://www.wikidata.org/entity/Q793584,Berlare,http://www.wikidata.org/entity/Q31,België
http://www.wikidata.org/entity/Q1988823,Betekom,http://www.wikidata.org/entity/Q31,België
http://www.wikidata.org/entity/Q2289081,Beveren,http://www.wikidata.org/entity/Q31,België
http://www.wikidata.org/entity/Q2636574,Beveren,http://www.wikidata.org/entity/Q31,België
http://www.wikidata.org/entity/Q270644,Beveren,http://www.wikidata.org/entity/Q31,België
http://www.wikidata.org/entity/Q2480040,Beveren-aan-de-IJzer,http://www.wikidata.org/entity/Q31,België
http://www.wikidata.org/entity/Q2371714,Bevingen,http://www.wikidata.org/entity/Q31,België
http://www.wikidata.org/entity/Q2708072,Bissegem,http://www.wikidata.org/entity/Q31,België
http://www.wikidata.org/entity/Q328104,Blankenberge,http://www.wikidata.org/entity/Q31,België
http://www.wikidata.org/entity/Q890339,Boezinge,http://www.wikidata.org/entity/Q31,België
http://www.wikidata.org/entity/Q954682,Booitshoeke,http://www.wikidata.org/entity/Q31,België
http://www.wikidata.org/entity/Q723972,Boom,http://www.wikidata.org/entity/Q31,België
http://www.wikidata.org/entity/Q834850,Borgerhout,http://www.wikidata.org/entity/Q31,België
http://www.wikidata.org/entity/Q499609,Borgloon,http://www.wikidata.org/entity/Q31,België
http://www.wikidata.org/entity/Q1021461,Bossuit,http://www.wikidata.org/entity/Q31,België
http://www.wikidata.org/entity/Q217216,Bouillon,http://www.wikidata.org/entity/Q31,België
http://www.wikidata.org/entity/Q2854293,Bovekerke,http://www.wikidata.org/entity/Q31,België
http://www.wikidata.org/entity/Q693513,Brasschaat,http://www.wikidata.org/entity/Q31,België
http://www.wikidata.org/entity/Q742920,Bredene,http://www.wikidata.org/entity/Q31,België
http://www.wikidata.org/entity/Q2510121,Brielen,http://www.wikidata.org/entity/Q31,België
http://www.wikidata.org/entity/Q12994,Brugge,http://www.wikidata.org/entity/Q31,België
http://www.wikidata.org/entity/Q239,Brussel,http://www.wikidata.org/entity/Q31,België
http://www.wikidata.org/entity/Q202309,Buggenhout,http://www.wikidata.org/entity/Q31,België
http://www.wikidata.org/entity/Q2928134,Bulskamp,http://www.wikidata.org/entity/Q31,België
http://www.wikidata.org/entity/Q1861723,Dadizele,http://www.wikidata.org/entity/Q31,België
http://www.wikidata.org/entity/Q323408,Damme,http://www.wikidata.org/entity/Q31,België
http://www.wikidata.org/entity/Q921682,De Klijte,http://www.wikidata.org/entity/Q31,België
http://www.wikidata.org/entity/Q674954,De Panne,http://www.wikidata.org/entity/Q31,België
http://www.wikidata.org/entity/Q21768611,Deerlijk,http://www.wikidata.org/entity/Q31,België
http://www.wikidata.org/entity/Q822771,Deerlijk,http://www.wikidata.org/entity/Q31,België
http://www.wikidata.org/entity/Q1991101,Deftinge,http://www.wikidata.org/entity/Q31,België
http://www.wikidata.org/entity/Q696825,Denderleeuw,http://www.wikidata.org/entity/Q31,België
http://www.wikidata.org/entity/Q13122,Dendermonde,http://www.wikidata.org/entity/Q31,België
http://www.wikidata.org/entity/Q742906,Dentergem,http://www.wikidata.org/entity/Q31,België
http://www.wikidata.org/entity/Q1988333,Desteldonk,http://www.wikidata.org/entity/Q31,België
http://www.wikidata.org/entity/Q743236,Diest,http://www.wikidata.org/entity/Q31,België
http://www.wikidata.org/entity/Q2199190,Dikkebus,http://www.wikidata.org/entity/Q31,België
http://www.wikidata.org/entity/Q215244,Diksmuide,http://www.wikidata.org/entity/Q31,België
http://www.wikidata.org/entity/Q533936,Dion-Valmont,http://www.wikidata.org/entity/Q31,België
http://www.wikidata.org/entity/Q3033905,Dolhain,http://www.wikidata.org/entity/Q31,België
http://www.wikidata.org/entity/Q173219,Doornik,http://www.wikidata.org/entity/Q31,België
http://www.wikidata.org/entity/Q2022299,Doornzele,http://www.wikidata.org/entity/Q31,België
http://www.wikidata.org/entity/Q2692740,Dottenijs,http://www.wikidata.org/entity/Q31,België
http://www.wikidata.org/entity/Q2117660,Dranouter,http://www.wikidata.org/entity/Q31,België
http://www.wikidata.org/entity/Q688377,Drogenbos,http://www.wikidata.org/entity/Q31,België
http://www.wikidata.org/entity/Q1260195,Drongen,http://www.wikidata.org/entity/Q31,België
http://www.wikidata.org/entity/Q3040923,Dudzele,http://www.wikidata.org/entity/Q31,België
http://www.wikidata.org/entity/Q2006337,Eernegem,http://www.wikidata.org/entity/Q31,België
http://www.wikidata.org/entity/Q3049134,Egem,http://www.wikidata.org/entity/Q31,België
http://www.wikidata.org/entity/Q2526091,Eindhout,http://www.wikidata.org/entity/Q31,België
http://www.wikidata.org/entity/Q2693730,Eine,http://www.wikidata.org/entity/Q31,België
http://www.wikidata.org/entity/Q12012813,Ekkergem,http://www.wikidata.org/entity/Q31,België
http://www.wikidata.org/entity/Q2488256,Eksaarde,http://www.wikidata.org/entity/Q31,België
http://www.wikidata.org/entity/Q2803757,Elene,http://www.wikidata.org/entity/Q31,België
http://www.wikidata.org/entity/Q2475316,Ellignies-Sainte-Anne,http://www.wikidata.org/entity/Q31,België
http://www.wikidata.org/entity/Q208713,Elsene,http://www.wikidata.org/entity/Q31,België
http://www.wikidata.org/entity/Q2575787,Elverdinge,http://www.wikidata.org/entity/Q31,België
http://www.wikidata.org/entity/Q2681034,Emelgem,http://www.wikidata.org/entity/Q31,België
http://www.wikidata.org/entity/Q2085862,Esen,http://www.wikidata.org/entity/Q31,België
http://www.wikidata.org/entity/Q724283,Essen,http://www.wikidata.org/entity/Q31,België
http://www.wikidata.org/entity/Q2261514,Ettelgem,http://www.wikidata.org/entity/Q31,België
http://www.wikidata.org/entity/Q192859,Etterbeek,http://www.wikidata.org/entity/Q31,België
http://www.wikidata.org/entity/Q2309565,Everberg,http://www.wikidata.org/entity/Q31,België
http://www.wikidata.org/entity/Q12997,Evergem,http://www.wikidata.org/entity/Q31,België
http://www.wikidata.org/entity/Q3074712,Flône,http://www.wikidata.org/entity/Q31,België
http://www.wikidata.org/entity/Q464454,Geel,http://www.wikidata.org/entity/Q31,België
http://www.wikidata.org/entity/Q949276,Geluveld,http://www.wikidata.org/entity/Q31,België
http://www.wikidata.org/entity/Q1963590,Geluwe,http://www.wikidata.org/entity/Q31,België
http://www.wikidata.org/entity/Q1296,Gent,http://www.wikidata.org/entity/Q31,België
http://www.wikidata.org/entity/Q499532,Geraardsbergen,http://www.wikidata.org/entity/Q31,België
http://www.wikidata.org/entity/Q1021457,Gijzelbrechtegem,http://www.wikidata.org/entity/Q31,België
http://www.wikidata.org/entity/Q2625637,Gits,http://www.wikidata.org/entity/Q31,België
http://www.wikidata.org/entity/Q984868,Glabbeek,http://www.wikidata.org/entity/Q31,België
http://www.wikidata.org/entity/Q1978079,Gullegem,http://www.wikidata.org/entity/Q31,België
http://www.wikidata.org/entity/Q210003,Halle,http://www.wikidata.org/entity/Q31,België
http://www.wikidata.org/entity/Q391294,Hamme,http://www.wikidata.org/entity/Q31,België
http://www.wikidata.org/entity/Q2741641,Handzame,http://www.wikidata.org/entity/Q31,België
http://www.wikidata.org/entity/Q2647040,Hansbeke,http://www.wikidata.org/entity/Q31,België
http://www.wikidata.org/entity/Q478797,Harelbeke,http://www.wikidata.org/entity/Q31,België
http://www.wikidata.org/entity/Q58780,Hasselt,http://www.wikidata.org/entity/Q31,België
http://www.wikidata.org/entity/Q1849663,Heestert,http://www.wikidata.org/entity/Q31,België
http://www.wikidata.org/entity/Q2974907,Heist,http://www.wikidata.org/entity/Q31,België
http://www.wikidata.org/entity/Q2134798,Heldergem,http://www.wikidata.org/entity/Q31,België
http://www.wikidata.org/entity/Q724448,Hemiksem,http://www.wikidata.org/entity/Q31,België
http://www.wikidata.org/entity/Q842744,Herdersem,http://www.wikidata.org/entity/Q31,België
http://www.wikidata.org/entity/Q3110823,Heule,http://www.wikidata.org/entity/Q31,België
http://www.wikidata.org/entity/Q1966966,Heusden,http://www.wikidata.org/entity/Q31,België
http://www.wikidata.org/entity/Q267663,Hoboken,http://www.wikidata.org/entity/Q31,België
http://www.wikidata.org/entity/Q207095,Hoei,http://www.wikidata.org/entity/Q31,België
http://www.wikidata.org/entity/Q641278,Hoeilaart,http://www.wikidata.org/entity/Q31,België
http://www.wikidata.org/entity/Q2004020,Hofstade,http://www.wikidata.org/entity/Q31,België
http://www.wikidata.org/entity/Q696907,Hooglede,http://www.wikidata.org/entity/Q31,België
http://www.wikidata.org/entity/Q724638,Hoogstraten,http://www.wikidata.org/entity/Q31,België
http://www.wikidata.org/entity/Q1840847,Houtem,http://www.wikidata.org/entity/Q31,België
http://www.wikidata.org/entity/Q696942,Houthulst,http://www.wikidata.org/entity/Q31,België
http://www.wikidata.org/entity/Q1990660,Hulste,http://www.wikidata.org/entity/Q31,België
http://www.wikidata.org/entity/Q281181,Ichtegem,http://www.wikidata.org/entity/Q31,België
http://www.wikidata.org/entity/Q102728,Ieper,http://www.wikidata.org/entity/Q31,België
http://www.wikidata.org/entity/Q822748,Ingelmunster,http://www.wikidata.org/entity/Q31,België
http://www.wikidata.org/entity/Q1012352,Ingooigem,http://www.wikidata.org/entity/Q31,België
http://www.wikidata.org/entity/Q392337,Izegem,http://www.wikidata.org/entity/Q31,België
http://www.wikidata.org/entity/Q2863278,Jonkershove,http://www.wikidata.org/entity/Q31,België
http://www.wikidata.org/entity/Q2333747,Kachtem,http://www.wikidata.org/entity/Q31,België
http://www.wikidata.org/entity/Q492453,Kampenhout,http://www.wikidata.org/entity/Q31,België
http://www.wikidata.org/entity/Q111434472,Kasteel Ter Beken,http://www.wikidata.org/entity/Q31,België
http://www.wikidata.org/entity/Q705020,Kaster,http://www.wikidata.org/entity/Q31,België
http://www.wikidata.org/entity/Q3181967,Keiem,http://www.wikidata.org/entity/Q31,België
http://www.wikidata.org/entity/Q1024880,Kemmel,http://www.wikidata.org/entity/Q31,België
http://www.wikidata.org/entity/Q1012349,Kerkhove,http://www.wikidata.org/entity/Q31,België
http://www.wikidata.org/entity/Q3195527,Kersbeek-Miskom,http://www.wikidata.org/entity/Q31,België
http://www.wikidata.org/entity/Q951571,Kessel-Lo,http://www.wikidata.org/entity/Q31,België
http://www.wikidata.org/entity/Q3196450,Kieldrecht,http://www.wikidata.org/entity/Q31,België
http://www.wikidata.org/entity/Q498655,Klemskerke,http://www.wikidata.org/entity/Q31,België
http://www.wikidata.org/entity/Q1937157,Klerken,http://www.wikidata.org/entity/Q31,België
http://www.wikidata.org/entity/Q912069,Knesselare,http://www.wikidata.org/entity/Q31,België
http://www.wikidata.org/entity/Q822795,Koekelare,http://www.wikidata.org/entity/Q31,België
http://www.wikidata.org/entity/Q2463781,Komen,http://www.wikidata.org/entity/Q31,België
http://www.wikidata.org/entity/Q2731701,Kooigem,http://www.wikidata.org/entity/Q31,België
http://www.wikidata.org/entity/Q2746117,Koolkerke,http://www.wikidata.org/entity/Q31,België
http://www.wikidata.org/entity/Q2181673,Koolskamp,http://www.wikidata.org/entity/Q31,België
http://www.wikidata.org/entity/Q3198907,Korbeek-Lo,http://www.wikidata.org/entity/Q31,België
http://www.wikidata.org/entity/Q822763,Kortemark,http://www.wikidata.org/entity/Q31,België
http://www.wikidata.org/entity/Q21767298,Kortrijk,http://www.wikidata.org/entity/Q31,België
http://www.wikidata.org/entity/Q12995,Kortrijk,http://www.wikidata.org/entity/Q31,België
http://www.wikidata.org/entity/Q817375,Kruishoutem,http://www.wikidata.org/entity/Q31,België
http://www.wikidata.org/entity/Q731501,Kuurne,http://www.wikidata.org/entity/Q31,België
http://www.wikidata.org/entity/Q943502,Landen,http://www.wikidata.org/entity/Q31,België
http://www.wikidata.org/entity/Q726498,Langemark,http://www.wikidata.org/entity/Q31,België
http://www.wikidata.org/entity/Q2127148,Lauwe,http://www.wikidata.org/entity/Q31,België
http://www.wikidata.org/entity/Q2802143,Ledeberg,http://www.wikidata.org/entity/Q31,België
http://www.wikidata.org/entity/Q735842,Ledegem,http://www.wikidata.org/entity/Q31,België
http://www.wikidata.org/entity/Q1827485,Leffinge,http://www.wikidata.org/entity/Q31,België
http://www.wikidata.org/entity/Q12993,Lembeke,http://www.wikidata.org/entity/Q31,België
http://www.wikidata.org/entity/Q696887,Lendelede,http://www.wikidata.org/entity/Q31,België
http://www.wikidata.org/entity/Q736120,Leopoldsburg,http://www.wikidata.org/entity/Q31,België
http://www.wikidata.org/entity/Q690948,Lettelingen,http://www.wikidata.org/entity/Q31,België
http://www.wikidata.org/entity/Q118958,Leuven,http://www.wikidata.org/entity/Q31,België
http://www.wikidata.org/entity/Q696871,Lichtervelde,http://www.wikidata.org/entity/Q31,België
http://www.wikidata.org/entity/Q12460,Lier,http://www.wikidata.org/entity/Q31,België
http://www.wikidata.org/entity/Q2049606,Linden,http://www.wikidata.org/entity/Q31,België
http://www.wikidata.org/entity/Q1924402,Lissewege,http://www.wikidata.org/entity/Q31,België
http://www.wikidata.org/entity/Q2791245,Lo,http://www.wikidata.org/entity/Q31,België
http://www.wikidata.org/entity/Q822790,Lo-Reninge,http://www.wikidata.org/entity/Q31,België
http://www.wikidata.org/entity/Q735827,Lochristi,http://www.wikidata.org/entity/Q31,België
http://www.wikidata.org/entity/Q2132237,Loker,http://www.wikidata.org/entity/Q31,België
http://www.wikidata.org/entity/Q1998586,Loksbergen,http://www.wikidata.org/entity/Q31,België
http://www.wikidata.org/entity/Q587819,Londerzeel,http://www.wikidata.org/entity/Q31,België
http://www.wikidata.org/entity/Q2340735,Loppem,http://www.wikidata.org/entity/Q31,België
http://www.wikidata.org/entity/Q3475001,Lotenhulle,http://www.wikidata.org/entity/Q31,België
http://www.wikidata.org/entity/Q840968,Lovendegem,http://www.wikidata.org/entity/Q31,België
http://www.wikidata.org/entity/Q3992,Luik,http://www.wikidata.org/entity/Q31,België
http://www.wikidata.org/entity/Q3234954,Machelen,http://www.wikidata.org/entity/Q31,België
http://www.wikidata.org/entity/Q12896,Maldegem,http://www.wikidata.org/entity/Q31,België
http://www.wikidata.org/entity/Q13581283,Maredsous,http://www.wikidata.org/entity/Q31,België
http://www.wikidata.org/entity/Q13815099,Maria-Aalter,http://www.wikidata.org/entity/Q31,België
http://www.wikidata.org/entity/Q2166168,Mariakerke,http://www.wikidata.org/entity/Q31,België
http://www.wikidata.org/entity/Q1015356,Mariakerke,http://www.wikidata.org/entity/Q31,België
http://www.wikidata.org/entity/Q3099657,Marke,http://www.wikidata.org/entity/Q31,België
http://www.wikidata.org/entity/Q2535447,Markegem,http://www.wikidata.org/entity/Q31,België
http://www.wikidata.org/entity/Q597997,Massemen,http://www.wikidata.org/entity/Q31,België
http://www.wikidata.org/entity/Q2166865,Mazenzele,http://www.wikidata.org/entity/Q31,België
http://www.wikidata.org/entity/Q162022,Mechelen,http://www.wikidata.org/entity/Q31,België
http://www.wikidata.org/entity/Q2132066,Mechelen-Bovelingen,http://www.wikidata.org/entity/Q31,België
http://www.wikidata.org/entity/Q2561079,Meetkerke,http://www.wikidata.org/entity/Q31,België
http://www.wikidata.org/entity/Q1849098,Meigem,http://www.wikidata.org/entity/Q31,België
http://www.wikidata.org/entity/Q696355,Melle,http://www.wikidata.org/entity/Q31,België
http://www.wikidata.org/entity/Q2565209,Melsbroek,http://www.wikidata.org/entity/Q31,België
http://www.wikidata.org/entity/Q2794293,Membruggen,http://www.wikidata.org/entity/Q31,België
http://www.wikidata.org/entity/Q213224,Menen,http://www.wikidata.org/entity/Q31,België
http://www.wikidata.org/entity/Q912106,Merchtem,http://www.wikidata.org/entity/Q31,België
http://www.wikidata.org/entity/Q985789,Mere,http://www.wikidata.org/entity/Q31,België
http://www.wikidata.org/entity/Q187755,Merelbeke,http://www.wikidata.org/entity/Q31,België
http://www.wikidata.org/entity/Q2326156,Merkem,http://www.wikidata.org/entity/Q31,België
http://www.wikidata.org/entity/Q737077,Mesen,http://www.wikidata.org/entity/Q31,België
http://www.wikidata.org/entity/Q822783,Meulebeke,http://www.wikidata.org/entity/Q31,België
http://www.wikidata.org/entity/Q63923,Meulestede,http://www.wikidata.org/entity/Q31,België
http://www.wikidata.org/entity/Q2786493,Middelburg,http://www.wikidata.org/entity/Q31,België
http://www.wikidata.org/entity/Q492369,Middelkerke,http://www.wikidata.org/entity/Q31,België
http://www.wikidata.org/entity/Q377429,Moen,http://www.wikidata.org/entity/Q31,België
http://www.wikidata.org/entity/Q2041206,Moere,http://www.wikidata.org/entity/Q31,België
http://www.wikidata.org/entity/Q724573,Moerzeke,http://www.wikidata.org/entity/Q31,België
http://www.wikidata.org/entity/Q220145,Moeskroen,http://www.wikidata.org/entity/Q31,België
http://www.wikidata.org/entity/Q2223904,Mont-à-Leux,http://www.wikidata.org/entity/Q31,België
http://www.wikidata.org/entity/Q780561,Moorsele,http://www.wikidata.org/entity/Q31,België
http://www.wikidata.org/entity/Q628733,Moorslede,http://www.wikidata.org/entity/Q31,België
http://www.wikidata.org/entity/Q688781,Mortsel,http://www.wikidata.org/entity/Q31,België
http://www.wikidata.org/entity/Q134121,Namen,http://www.wikidata.org/entity/Q31,België
http://www.wikidata.org/entity/Q580315,Nazareth,http://www.wikidata.org/entity/Q31,België
http://www.wikidata.org/entity/Q616933,Nederename,http://www.wikidata.org/entity/Q31,België
http://www.wikidata.org/entity/Q2436688,Neerlinter,http://www.wikidata.org/entity/Q31,België
http://www.wikidata.org/entity/Q822651,Nevele,http://www.wikidata.org/entity/Q31,België
http://www.wikidata.org/entity/Q1847545,Nieuwkapelle,http://www.wikidata.org/entity/Q31,België
http://www.wikidata.org/entity/Q1865404,Nieuwkerke,http://www.wikidata.org/entity/Q31,België
http://www.wikidata.org/entity/Q623310,Nieuwpoort,http://www.wikidata.org/entity/Q31,België
http://www.wikidata.org/entity/Q2346321,Noorderwijk,http://www.wikidata.org/entity/Q31,België
http://www.wikidata.org/entity/Q2042895,Noordschote,http://www.wikidata.org/entity/Q31,België
http://www.wikidata.org/entity/Q1909412,Nukerke,http://www.wikidata.org/entity/Q31,België
http://www.wikidata.org/entity/Q1023248,Oedelem,http://www.wikidata.org/entity/Q31,België
http://www.wikidata.org/entity/Q650376,Oekene,http://www.wikidata.org/entity/Q31,België
http://www.wikidata.org/entity/Q2398408,Oeren,http://www.wikidata.org/entity/Q31,België
http://www.wikidata.org/entity/Q1876354,Okegem,http://www.wikidata.org/entity/Q31,België
http://www.wikidata.org/entity/Q4613418,Oksdonk,http://www.wikidata.org/entity/Q31,België
http://www.wikidata.org/entity/Q950007,Ooigem,http://www.wikidata.org/entity/Q31,België
http://www.wikidata.org/entity/Q2400293,Oostakker,http://www.wikidata.org/entity/Q31,België
http://www.wikidata.org/entity/Q2314278,Oostduinkerke,http://www.wikidata.org/entity/Q31,België
http://www.wikidata.org/entity/Q12996,Oostende,http://www.wikidata.org/entity/Q31,België
http://www.wikidata.org/entity/Q742892,Oostkamp,http://www.wikidata.org/entity/Q31,België
http://www.wikidata.org/entity/Q1939288,Oostkerke,http://www.wikidata.org/entity/Q31,België
http://www.wikidata.org/entity/Q2191886,Oostkerke,http://www.wikidata.org/entity/Q31,België
http://www.wikidata.org/entity/Q1952054,Oostnieuwkerke,http://www.wikidata.org/entity/Q31,België
http://www.wikidata.org/entity/Q822777,Oostrozebeke,http://www.wikidata.org/entity/Q31,België
http://www.wikidata.org/entity/Q2555902,Oostvleteren,http://www.wikidata.org/entity/Q31,België
http://www.wikidata.org/entity/Q14988,Oostwinkel,http://www.wikidata.org/entity/Q31,België
http://www.wikidata.org/entity/Q930292,Opwijk,http://www.wikidata.org/entity/Q31,België
http://www.wikidata.org/entity/Q2491546,Otegem,http://www.wikidata.org/entity/Q31,België
http://www.wikidata.org/entity/Q12992,Oudenaarde,http://www.wikidata.org/entity/Q31,België
http://www.wikidata.org/entity/Q835128,Oudenburg,http://www.wikidata.org/entity/Q31,België
http://www.wikidata.org/entity/Q705028,Outrijve,http://www.wikidata.org/entity/Q31,België
http://www.wikidata.org/entity/Q2106759,Ouwegem,http://www.wikidata.org/entity/Q31,België
http://www.wikidata.org/entity/Q599127,Overijse,http://www.wikidata.org/entity/Q31,België
http://www.wikidata.org/entity/Q2580321,Overleie,http://www.wikidata.org/entity/Q31,België
http://www.wikidata.org/entity/Q107986613,Overleie,http://www.wikidata.org/entity/Q31,België
http://www.wikidata.org/entity/Q255575,Passendale,http://www.wikidata.org/entity/Q31,België
http://www.wikidata.org/entity/Q1884650,Perk,http://www.wikidata.org/entity/Q31,België
http://www.wikidata.org/entity/Q2053561,Pervijze,http://www.wikidata.org/entity/Q31,België
http://www.wikidata.org/entity/Q2174334,Petite-Chapelle,http://www.wikidata.org/entity/Q31,België
http://www.wikidata.org/entity/Q651724,Pittem,http://www.wikidata.org/entity/Q31,België
http://www.wikidata.org/entity/Q2351222,Ploegsteert,http://www.wikidata.org/entity/Q31,België
http://www.wikidata.org/entity/Q3475027,Poeke,http://www.wikidata.org/entity/Q31,België
http://www.wikidata.org/entity/Q2026781,Poelkapelle,http://www.wikidata.org/entity/Q31,België
http://www.wikidata.org/entity/Q2414284,Pollinkhove,http://www.wikidata.org/entity/Q31,België
http://www.wikidata.org/entity/Q499588,Poperinge,http://www.wikidata.org/entity/Q31,België
http://www.wikidata.org/entity/Q2396419,Proven,http://www.wikidata.org/entity/Q31,België
http://www.wikidata.org/entity/Q908546,Puurs,http://www.wikidata.org/entity/Q31,België
http://www.wikidata.org/entity/Q2189234,Ramsel,http://www.wikidata.org/entity/Q31,België
http://www.wikidata.org/entity/Q2566545,Rekkem,http://www.wikidata.org/entity/Q31,België
http://www.wikidata.org/entity/Q2963326,Reninge,http://www.wikidata.org/entity/Q31,België
http://www.wikidata.org/entity/Q2191390,Roesbrugge,http://www.wikidata.org/entity/Q31,België
http://www.wikidata.org/entity/Q2220639,Roesbrugge-Haringe,http://www.wikidata.org/entity/Q31,België
http://www.wikidata.org/entity/Q211037,Roeselare,http://www.wikidata.org/entity/Q31,België
http://www.wikidata.org/entity/Q2512929,Rollegem,http://www.wikidata.org/entity/Q31,België
http://www.wikidata.org/entity/Q2352516,Rollegem-Kapelle,http://www.wikidata.org/entity/Q31,België
http://www.wikidata.org/entity/Q268219,Ronse,http://www.wikidata.org/entity/Q31,België
http://www.wikidata.org/entity/Q2928815,Ruddervoorde,http://www.wikidata.org/entity/Q31,België
http://www.wikidata.org/entity/Q696982,Ruiselede,http://www.wikidata.org/entity/Q31,België
http://www.wikidata.org/entity/Q1704244,Rumbeke,http://www.wikidata.org/entity/Q31,België
http://www.wikidata.org/entity/Q3453174,Rumillies,http://www.wikidata.org/entity/Q31,België
http://www.wikidata.org/entity/Q1618770,Rupelmonde,http://www.wikidata.org/entity/Q31,België
http://www.wikidata.org/entity/Q38298881,Saint-Roch,http://www.wikidata.org/entity/Q31,België
http://www.wikidata.org/entity/Q12887,Schaarbeek,http://www.wikidata.org/entity/Q31,België
http://www.wikidata.org/entity/Q2392360,Scheldewindeke,http://www.wikidata.org/entity/Q31,België
http://www.wikidata.org/entity/Q911968,Schelle,http://www.wikidata.org/entity/Q31,België
http://www.wikidata.org/entity/Q263177,Schilde,http://www.wikidata.org/entity/Q31,België
http://www.wikidata.org/entity/Q2568071,Schore,http://www.wikidata.org/entity/Q31,België
http://www.wikidata.org/entity/Q2755150,Schuiferskapelle,http://www.wikidata.org/entity/Q31,België
http://www.wikidata.org/entity/Q194037,Seraing,http://www.wikidata.org/entity/Q31,België
http://www.wikidata.org/entity/Q1287283,Serskamp,http://www.wikidata.org/entity/Q31,België
http://www.wikidata.org/entity/Q3110841,Sijsele,http://www.wikidata.org/entity/Q31,België
http://www.wikidata.org/entity/Q3475052,Sinaai,http://www.wikidata.org/entity/Q31,België
http://www.wikidata.org/entity/Q21764799,Sint-Amands,http://www.wikidata.org/entity/Q31,België
http://www.wikidata.org/entity/Q2936941,Sint-Amandsberg,http://www.wikidata.org/entity/Q31,België
http://www.wikidata.org/entity/Q2676933,Sint-Andries,http://www.wikidata.org/entity/Q31,België
http://www.wikidata.org/entity/Q3472219,Sint-Baafs-Vijve,http://www.wikidata.org/entity/Q31,België
http://www.wikidata.org/entity/Q2354846,Sint-Denijs,http://www.wikidata.org/entity/Q31,België
http://www.wikidata.org/entity/Q2538413,Sint-Denijs-Westrem,http://www.wikidata.org/entity/Q31,België
http://www.wikidata.org/entity/Q2320749,Sint-Eloois-Vijve,http://www.wikidata.org/entity/Q31,België
http://www.wikidata.org/entity/Q2314032,Sint-Eloois-Winkel,http://www.wikidata.org/entity/Q31,België
http://www.wikidata.org/entity/Q898394,Sint-Gillis-bij-Dendermonde,http://www.wikidata.org/entity/Q31,België
http://www.wikidata.org/entity/Q272243,Sint-Joost-ten-Node,http://www.wikidata.org/entity/Q31,België
http://www.wikidata.org/entity/Q3181971,Sint-Joris,http://www.wikidata.org/entity/Q31,België
http://www.wikidata.org/entity/Q2997099,Sint-Joris-Weert,http://www.wikidata.org/entity/Q31,België
http://www.wikidata.org/entity/Q1915517,Sint-Kornelis-Horebeke,http://www.wikidata.org/entity/Q31,België
http://www.wikidata.org/entity/Q2505670,Sint-Kruis,http://www.wikidata.org/entity/Q31,België
http://www.wikidata.org/entity/Q817372,Sint-Lievens-Houtem,http://www.wikidata.org/entity/Q31,België
http://www.wikidata.org/entity/Q2528725,Sint-Margriete,http://www.wikidata.org/entity/Q31,België
http://www.wikidata.org/entity/Q1904127,Sint-Maria-Latem,http://www.wikidata.org/entity/Q31,België
http://www.wikidata.org/entity/Q2026816,Sint-Maria-Oudenhove,http://www.wikidata.org/entity/Q31,België
http://www.wikidata.org/entity/Q430812,Sint-Michiels,http://www.wikidata.org/entity/Q31,België
http://www.wikidata.org/entity/Q31521097,Sint-Niklaas,http://www.wikidata.org/entity/Q31,België
http://www.wikidata.org/entity/Q13127,Sint-Niklaas,http://www.wikidata.org/entity/Q31,België
http://www.wikidata.org/entity/Q2262095,Sint-Pauwels,http://www.wikidata.org/entity/Q31,België
http://www.wikidata.org/entity/Q688790,Sint-Pieters-Leeuw,http://www.wikidata.org/entity/Q31,België
http://www.wikidata.org/entity/Q2490578,Sint-Pieters-op-den-Dijk,http://www.wikidata.org/entity/Q31,België
http://www.wikidata.org/entity/Q37792,Sint-Truiden,http://www.wikidata.org/entity/Q31,België
http://www.wikidata.org/entity/Q3102205,Slijpe,http://www.wikidata.org/entity/Q31,België
http://www.wikidata.org/entity/Q1901132,Snellegem,http://www.wikidata.org/entity/Q31,België
http://www.wikidata.org/entity/Q39865,Spa,http://www.wikidata.org/entity/Q31,België
http://www.wikidata.org/entity/Q2610272,Spiere,http://www.wikidata.org/entity/Q31,België
http://www.wikidata.org/entity/Q742876,Staden,http://www.wikidata.org/entity/Q31,België
http://www.wikidata.org/entity/Q2524088,Stasegem,http://www.wikidata.org/entity/Q31,België
http://www.wikidata.org/entity/Q2580670,Stavele,http://www.wikidata.org/entity/Q31,België
http://www.wikidata.org/entity/Q9005,Stedelijk gebied Brussel,http://www.wikidata.org/entity/Q31,België
http://www.wikidata.org/entity/Q2684417,Steenbrugge,http://www.wikidata.org/entity/Q31,België
http://www.wikidata.org/entity/Q3472086,Stene,http://www.wikidata.org/entity/Q31,België
http://www.wikidata.org/entity/Q1809460,Strijpen,http://www.wikidata.org/entity/Q31,België
http://www.wikidata.org/entity/Q823623,Temse,http://www.wikidata.org/entity/Q31,België
http://www.wikidata.org/entity/Q1833538,Ten Brielen,http://www.wikidata.org/entity/Q31,België
http://www.wikidata.org/entity/Q3100236,Ternaaien,http://www.wikidata.org/entity/Q31,België
http://www.wikidata.org/entity/Q1012354,Tiegem,http://www.wikidata.org/entity/Q31,België
http://www.wikidata.org/entity/Q31555423,Tielt,http://www.wikidata.org/entity/Q31,België
http://www.wikidata.org/entity/Q651811,Tielt,http://www.wikidata.org/entity/Q31,België
http://www.wikidata.org/entity/Q456550,Tienen,http://www.wikidata.org/entity/Q31,België
http://www.wikidata.org/entity/Q190113,Tongeren,http://www.wikidata.org/entity/Q31,België
http://www.wikidata.org/entity/Q2248548,Tongerlo,http://www.wikidata.org/entity/Q31,België
http://www.wikidata.org/entity/Q270633,Torhout,http://www.wikidata.org/entity/Q31,België
http://www.wikidata.org/entity/Q203312,Ukkel,http://www.wikidata.org/entity/Q31,België
http://www.wikidata.org/entity/Q116202,Ursel,http://www.wikidata.org/entity/Q31,België
http://www.wikidata.org/entity/Q2137484,Varsenare,http://www.wikidata.org/entity/Q31,België
http://www.wikidata.org/entity/Q3445977,Veldegem,http://www.wikidata.org/entity/Q31,België
http://www.wikidata.org/entity/Q4555175,Ver-Assebroek,http://www.wikidata.org/entity/Q31,België
http://www.wikidata.org/entity/Q202954,Verviers,http://www.wikidata.org/entity/Q31,België
http://www.wikidata.org/entity/Q602170,Veulen,http://www.wikidata.org/entity/Q31,België
http://www.wikidata.org/entity/Q506707,Veurne,http://www.wikidata.org/entity/Q31,België
http://www.wikidata.org/entity/Q1012357,Vichte,http://www.wikidata.org/entity/Q31,België
http://www.wikidata.org/entity/Q318418,Vilvoorde,http://www.wikidata.org/entity/Q31,België
http://www.wikidata.org/entity/Q580227,Vinkt,http://www.wikidata.org/entity/Q31,België
http://www.wikidata.org/entity/Q456495,Virton,http://www.wikidata.org/entity/Q31,België
http://www.wikidata.org/entity/Q284691,Vivenkapelle,http://www.wikidata.org/entity/Q31,België
http://www.wikidata.org/entity/Q9337,Vlaams Gewest,http://www.wikidata.org/entity/Q31,België
http://www.wikidata.org/entity/Q234,Vlaanderen,http://www.wikidata.org/entity/Q31,België
http://www.wikidata.org/entity/Q1411366,Vladslo,http://www.wikidata.org/entity/Q31,België
http://www.wikidata.org/entity/Q2693056,Vlamertinge,http://www.wikidata.org/entity/Q31,België
http://www.wikidata.org/entity/Q1999262,Vollezele,http://www.wikidata.org/entity/Q31,België
http://www.wikidata.org/entity/Q2658385,Voormezele,http://www.wikidata.org/entity/Q31,België
http://www.wikidata.org/entity/Q72946,Vorst,http://www.wikidata.org/entity/Q31,België
http://www.wikidata.org/entity/Q2358119,Vrasene,http://www.wikidata.org/entity/Q31,België
http://www.wikidata.org/entity/Q911983,Waarschoot,http://www.wikidata.org/entity/Q31,België
http://www.wikidata.org/entity/Q587906,Waasmunster,http://www.wikidata.org/entity/Q31,België
http://www.wikidata.org/entity/Q3110836,Wakken,http://www.wikidata.org/entity/Q31,België
http://www.wikidata.org/entity/Q2629754,Wambeek,http://www.wikidata.org/entity/Q31,België
http://www.wikidata.org/entity/Q204547,Waregem,http://www.wikidata.org/entity/Q31,België
http://www.wikidata.org/entity/Q1354834,Werchter,http://www.wikidata.org/entity/Q31,België
http://www.wikidata.org/entity/Q2091146,Werken,http://www.wikidata.org/entity/Q31,België
http://www.wikidata.org/entity/Q318532,Wervik,http://www.wikidata.org/entity/Q31,België
http://www.wikidata.org/entity/Q1113,West-Vlaanderen,http://www.wikidata.org/entity/Q31,België
http://www.wikidata.org/entity/Q475931,Westerlo,http://www.wikidata.org/entity/Q31,België
http://www.wikidata.org/entity/Q2107664,Westkapelle,http://www.wikidata.org/entity/Q31,België
http://www.wikidata.org/entity/Q2006454,Westkerke,http://www.wikidata.org/entity/Q31,België
http://www.wikidata.org/entity/Q2231539,Westouter,http://www.wikidata.org/entity/Q31,België
http://www.wikidata.org/entity/Q2556717,Westvleteren,http://www.wikidata.org/entity/Q31,België
http://www.wikidata.org/entity/Q643980,Wetteren,http://www.wikidata.org/entity/Q31,België
http://www.wikidata.org/entity/Q392343,Wevelgem,http://www.wikidata.org/entity/Q31,België
http://www.wikidata.org/entity/Q730801,Wichelen,http://www.wikidata.org/entity/Q31,België
http://www.wikidata.org/entity/Q339395,Wielsbeke,http://www.wikidata.org/entity/Q31,België
http://www.wikidata.org/entity/Q488688,Wiertz Museum,http://www.wikidata.org/entity/Q31,België
http://www.wikidata.org/entity/Q2174414,Wijtschate,http://www.wikidata.org/entity/Q31,België
http://www.wikidata.org/entity/Q1817149,Wilsele,http://www.wikidata.org/entity/Q31,België
http://www.wikidata.org/entity/Q576579,Wilskerke,http://www.wikidata.org/entity/Q31,België
http://www.wikidata.org/entity/Q735797,Wingene,http://www.wikidata.org/entity/Q31,België
http://www.wikidata.org/entity/Q1939661,Woesten,http://www.wikidata.org/entity/Q31,België
http://www.wikidata.org/entity/Q839037,Wommelgem,http://www.wikidata.org/entity/Q31,België
http://www.wikidata.org/entity/Q2227700,Wontergem,http://www.wikidata.org/entity/Q31,België
http://www.wikidata.org/entity/Q840935,Wortegem-Petegem,http://www.wikidata.org/entity/Q31,België
http://www.wikidata.org/entity/Q2041336,Woumen,http://www.wikidata.org/entity/Q31,België
http://www.wikidata.org/entity/Q3110832,Wulpen,http://www.wikidata.org/entity/Q31,België
http://www.wikidata.org/entity/Q3012273,Wulveringem,http://www.wikidata.org/entity/Q31,België
http://www.wikidata.org/entity/Q2017210,Zande,http://www.wikidata.org/entity/Q31,België
http://www.wikidata.org/entity/Q2316093,Zarren,http://www.wikidata.org/entity/Q31,België
http://www.wikidata.org/entity/Q184287,Zedelgem,http://www.wikidata.org/entity/Q31,België
http://www.wikidata.org/entity/Q3474073,Zegelsem,http://www.wikidata.org/entity/Q31,België
http://www.wikidata.org/entity/Q388115,Zele,http://www.wikidata.org/entity/Q31,België
http://www.wikidata.org/entity/Q14062,Zelzate,http://www.wikidata.org/entity/Q31,België
http://www.wikidata.org/entity/Q2161674,Zerkegem,http://www.wikidata.org/entity/Q31,België
http://www.wikidata.org/entity/Q3110851,Zevekote,http://www.wikidata.org/entity/Q31,België
http://www.wikidata.org/entity/Q2337062,Zillebeke,http://www.wikidata.org/entity/Q31,België
http://www.wikidata.org/entity/Q204477,Zingem,http://www.wikidata.org/entity/Q31,België
http://www.wikidata.org/entity/Q218497,Zolder,http://www.wikidata.org/entity/Q31,België
http://www.wikidata.org/entity/Q219827,Zomergem,http://www.wikidata.org/entity/Q31,België
http://www.wikidata.org/entity/Q133769,Zonhoven,http://www.wikidata.org/entity/Q31,België
http://www.wikidata.org/entity/Q214154,Zonnebeke,http://www.wikidata.org/entity/Q31,België
http://www.wikidata.org/entity/Q228685,Zuienkerke,http://www.wikidata.org/entity/Q31,België
http://www.wikidata.org/entity/Q244513,Zwevegem,http://www.wikidata.org/entity/Q31,België
http://www.wikidata.org/entity/Q590398,bisdom Brugge,http://www.wikidata.org/entity/Q31,België
http://www.wikidata.org/entity/Q28301,Olinda,http://www.wikidata.org/entity/Q155,Brazilië
http://www.wikidata.org/entity/Q8678,Rio de Janeiro,http://www.wikidata.org/entity/Q155,Brazilië
http://www.wikidata.org/entity/Q129286,Brits-Indië,http://www.wikidata.org/entity/Q8680,Britse Rijk
http://www.wikidata.org/entity/Q16,Canada,http://www.wikidata.org/entity/Q16,Canada
http://www.wikidata.org/entity/Q340,Montréal,http://www.wikidata.org/entity/Q16,Canada
http://www.wikidata.org/entity/Q24639,Vancouver,http://www.wikidata.org/entity/Q16,Canada
http://www.wikidata.org/entity/Q15238339,Kibanga,http://www.wikidata.org/entity/Q974,Congo-Kinshasa
http://www.wikidata.org/entity/Q3838,Kinshasa,http://www.wikidata.org/entity/Q974,Congo-Kinshasa
http://www.wikidata.org/entity/Q211073,Matadi,http://www.wikidata.org/entity/Q974,Congo-Kinshasa
http://www.wikidata.org/entity/Q132679,Willemstad,http://www.wikidata.org/entity/Q25279,Curaçao
http://www.wikidata.org/entity/Q1017,Aken,http://www.wikidata.org/entity/Q183,Duitsland
http://www.wikidata.org/entity/Q708708,Bendorf,http://www.wikidata.org/entity/Q183,Duitsland
http://www.wikidata.org/entity/Q64,Berlijn,http://www.wikidata.org/entity/Q183,Duitsland
http://www.wikidata.org/entity/Q586,Bonn,http://www.wikidata.org/entity/Q183,Duitsland
http://www.wikidata.org/entity/Q2773,Braunschweig,http://www.wikidata.org/entity/Q183,Duitsland
http://www.wikidata.org/entity/Q2966,Heidelberg,http://www.wikidata.org/entity/Q183,Duitsland
http://www.wikidata.org/entity/Q2079,Leipzig,http://www.wikidata.org/entity/Q183,Duitsland
http://www.wikidata.org/entity/Q1726,München,http://www.wikidata.org/entity/Q183,Duitsland
http://www.wikidata.org/entity/Q2742,Münster,http://www.wikidata.org/entity/Q183,Duitsland
http://www.wikidata.org/entity/Q1721,Wiesbaden,http://www.wikidata.org/entity/Q183,Duitsland
http://www.wikidata.org/entity/Q62132,Lapland,http://www.wikidata.org/entity/Q33,Finland
http://www.wikidata.org/entity/Q47465,Aix-en-Provence,http://www.wikidata.org/entity/Q142,Frankrijk
http://www.wikidata.org/entity/Q126898,Antibes,http://www.wikidata.org/entity/Q142,Frankrijk
http://www.wikidata.org/entity/Q332310,Belle,http://www.wikidata.org/entity/Q142,Frankrijk
http://www.wikidata.org/entity/Q334301,Berck,http://www.wikidata.org/entity/Q142,Frankrijk
http://www.wikidata.org/entity/Q49345973,Berck-Plage,http://www.wikidata.org/entity/Q142,Frankrijk
http://www.wikidata.org/entity/Q81997,Boulogne-sur-Mer,http://www.wikidata.org/entity/Q142,Frankrijk
http://www.wikidata.org/entity/Q12193,Brest,http://www.wikidata.org/entity/Q142,Frankrijk
http://www.wikidata.org/entity/Q239091,Croix,http://www.wikidata.org/entity/Q142,Frankrijk
http://www.wikidata.org/entity/Q7003,Dijon,http://www.wikidata.org/entity/Q142,Frankrijk
http://www.wikidata.org/entity/Q45797,Duinkerke,http://www.wikidata.org/entity/Q142,Frankrijk
http://www.wikidata.org/entity/Q663930,Fives,http://www.wikidata.org/entity/Q142,Frankrijk
http://www.wikidata.org/entity/Q142,Frankrijk,http://www.wikidata.org/entity/Q142,Frankrijk
http://www.wikidata.org/entity/Q769160,Groot-Sinten,http://www.wikidata.org/entity/Q142,Frankrijk
http://www.wikidata.org/entity/Q631265,Halewijn,http://www.wikidata.org/entity/Q142,Frankrijk
http://www.wikidata.org/entity/Q473892,Haubourdin,http://www.wikidata.org/entity/Q142,Frankrijk
http://www.wikidata.org/entity/Q11131,Hazebroek,http://www.wikidata.org/entity/Q142,Frankrijk
http://www.wikidata.org/entity/Q1025511,Ligny-lès-Aire,http://www.wikidata.org/entity/Q142,Frankrijk
http://www.wikidata.org/entity/Q274325,Loos,http://www.wikidata.org/entity/Q142,Frankrijk
http://www.wikidata.org/entity/Q261414,Lumbres,http://www.wikidata.org/entity/Q142,Frankrijk
http://www.wikidata.org/entity/Q498858,Maillane,http://www.wikidata.org/entity/Q142,Frankrijk
http://www.wikidata.org/entity/Q23482,Marseille,http://www.wikidata.org/entity/Q142,Frankrijk
http://www.wikidata.org/entity/Q680624,Merris,http://www.wikidata.org/entity/Q142,Frankrijk
http://www.wikidata.org/entity/Q1123846,Mogues,http://www.wikidata.org/entity/Q142,Frankrijk
http://www.wikidata.org/entity/Q12191,Nantes,http://www.wikidata.org/entity/Q142,Frankrijk
http://www.wikidata.org/entity/Q243851,Nieuw-Koudekerke,http://www.wikidata.org/entity/Q142,Frankrijk
http://www.wikidata.org/entity/Q661710,Noirétable,http://www.wikidata.org/entity/Q142,Frankrijk
http://www.wikidata.org/entity/Q1060664,Noordpene,http://www.wikidata.org/entity/Q142,Frankrijk
http://www.wikidata.org/entity/Q90,Parijs,http://www.wikidata.org/entity/Q142,Frankrijk
http://www.wikidata.org/entity/Q773585,Rainsars,http://www.wikidata.org/entity/Q142,Frankrijk
http://www.wikidata.org/entity/Q648,Rijsel,http://www.wikidata.org/entity/Q142,Frankrijk
http://www.wikidata.org/entity/Q34001,Roubaix,http://www.wikidata.org/entity/Q142,Frankrijk
http://www.wikidata.org/entity/Q189153,Saint-Cloud,http://www.wikidata.org/entity/Q142,Frankrijk
http://www.wikidata.org/entity/Q109571087,Saint-Pierre-lès-Calais,http://www.wikidata.org/entity/Q142,Frankrijk
http://www.wikidata.org/entity/Q1068891,Saint-Venant,http://www.wikidata.org/entity/Q142,Frankrijk
http://www.wikidata.org/entity/Q604222,Sainte-Adresse,http://www.wikidata.org/entity/Q142,Frankrijk
http://www.wikidata.org/entity/Q22544,Sarrebourg,http://www.wikidata.org/entity/Q142,Frankrijk
http://www.wikidata.org/entity/Q687503,Sint-Momelijn,http://www.wikidata.org/entity/Q142,Frankrijk
http://www.wikidata.org/entity/Q208793,Sint-Omaars,http://www.wikidata.org/entity/Q142,Frankrijk
http://www.wikidata.org/entity/Q244934,Sint-Winoksbergen,http://www.wikidata.org/entity/Q142,Frankrijk
http://www.wikidata.org/entity/Q612066,Soks,http://www.wikidata.org/entity/Q142,Frankrijk
http://www.wikidata.org/entity/Q6602,Straatsburg,http://www.wikidata.org/entity/Q142,Frankrijk
http://www.wikidata.org/entity/Q261399,Thérouanne,http://www.wikidata.org/entity/Q142,Frankrijk
http://www.wikidata.org/entity/Q182481,Tourcoing,http://www.wikidata.org/entity/Q142,Frankrijk
http://www.wikidata.org/entity/Q621,Versailles,http://www.wikidata.org/entity/Q142,Frankrijk
http://www.wikidata.org/entity/Q234,Vlaanderen,http://www.wikidata.org/entity/Q142,Frankrijk
http://www.wikidata.org/entity/Q641313,Vleteren,http://www.wikidata.org/entity/Q142,Frankrijk
http://www.wikidata.org/entity/Q670807,Wormhout,http://www.wikidata.org/entity/Q142,Frankrijk
http://www.wikidata.org/entity/Q1160270,Zerkel,http://www.wikidata.org/entity/Q142,Frankrijk
http://www.wikidata.org/entity/Q1152274,Zermezele,http://www.wikidata.org/entity/Q142,Frankrijk
http://www.wikidata.org/entity/Q189,IJsland,http://www.wikidata.org/entity/Q189,IJsland
http://www.wikidata.org/entity/Q516951,Cahir,http://www.wikidata.org/entity/Q27,Ierland
http://www.wikidata.org/entity/Q2031231,Clonegal,http://www.wikidata.org/entity/Q27,Ierland
http://www.wikidata.org/entity/Q187402,County Cavan,http://www.wikidata.org/entity/Q27,Ierland
http://www.wikidata.org/entity/Q659895,Dalkey,http://www.wikidata.org/entity/Q27,Ierland
http://www.wikidata.org/entity/Q207223,Drogheda,http://www.wikidata.org/entity/Q27,Ierland
http://www.wikidata.org/entity/Q1761,Dublin,http://www.wikidata.org/entity/Q27,Ierland
http://www.wikidata.org/entity/Q204956,Dundalk,http://www.wikidata.org/entity/Q27,Ierland
http://www.wikidata.org/entity/Q623382,Killarney,http://www.wikidata.org/entity/Q27,Ierland
http://www.wikidata.org/entity/Q133315,Limerick,http://www.wikidata.org/entity/Q27,Ierland
http://www.wikidata.org/entity/Q987754,Newcastle West,http://www.wikidata.org/entity/Q27,Ierland
http://www.wikidata.org/entity/Q1012476,Youghal,http://www.wikidata.org/entity/Q27,Ierland
http://www.wikidata.org/entity/Q79980,Benares,http://www.wikidata.org/entity/Q668,India
http://www.wikidata.org/entity/Q1348,Calcutta,http://www.wikidata.org/entity/Q668,India
http://www.wikidata.org/entity/Q1361,Haiderabad,http://www.wikidata.org/entity/Q668,India
http://www.wikidata.org/entity/Q1947380,Ranchi,http://www.wikidata.org/entity/Q668,India
http://www.wikidata.org/entity/Q1356,West-Bengalen,http://www.wikidata.org/entity/Q668,India
http://www.wikidata.org/entity/Q3504647,Purworejo,http://www.wikidata.org/entity/Q252,Indonesië
http://www.wikidata.org/entity/Q83317,Mosoel,http://www.wikidata.org/entity/Q796,Irak
http://www.wikidata.org/entity/Q6697,Empoli,http://www.wikidata.org/entity/Q38,Italië
http://www.wikidata.org/entity/Q2044,Florence,http://www.wikidata.org/entity/Q38,Italië
http://www.wikidata.org/entity/Q38,Italië,http://www.wikidata.org/entity/Q38,Italië
http://www.wikidata.org/entity/Q3892762,Palmata,http://www.wikidata.org/entity/Q38,Italië
http://www.wikidata.org/entity/Q220,Rome,http://www.wikidata.org/entity/Q38,Italië
http://www.wikidata.org/entity/Q54672,Siderno,http://www.wikidata.org/entity/Q38,Italië
http://www.wikidata.org/entity/Q7683408,Q7683408,http://www.wikidata.org/entity/Q833,Maleisië
http://www.wikidata.org/entity/Q188096,Penang,http://www.wikidata.org/entity/Q833,Maleisië
http://www.wikidata.org/entity/Q2656389,Mauritius Eiland,http://www.wikidata.org/entity/Q1027,Mauritius
http://www.wikidata.org/entity/Q711,Mongolië,http://www.wikidata.org/entity/Q711,Mongolië
http://www.wikidata.org/entity/Q1809061,'s-Heer Abtskerke,http://www.wikidata.org/entity/Q55,Nederland
http://www.wikidata.org/entity/Q2766547,'s-Hertogenbosch,http://www.wikidata.org/entity/Q55,Nederland
http://www.wikidata.org/entity/Q955,Aardenburg,http://www.wikidata.org/entity/Q55,Nederland
http://www.wikidata.org/entity/Q727,Amsterdam,http://www.wikidata.org/entity/Q55,Nederland
http://www.wikidata.org/entity/Q9899,Amsterdam,http://www.wikidata.org/entity/Q55,Nederland
http://www.wikidata.org/entity/Q2412352,Biervliet,http://www.wikidata.org/entity/Q55,Nederland
http://www.wikidata.org/entity/Q1987052,Bovenkerk,http://www.wikidata.org/entity/Q55,Nederland
http://www.wikidata.org/entity/Q36600,Den Haag,http://www.wikidata.org/entity/Q55,Nederland
http://www.wikidata.org/entity/Q165736,Doesburg,http://www.wikidata.org/entity/Q55,Nederland
http://www.wikidata.org/entity/Q81220,Goes,http://www.wikidata.org/entity/Q55,Nederland
http://www.wikidata.org/entity/Q749,Groningen,http://www.wikidata.org/entity/Q55,Nederland
http://www.wikidata.org/entity/Q9920,Haarlem,http://www.wikidata.org/entity/Q55,Nederland
http://www.wikidata.org/entity/Q2195310,Hedel,http://www.wikidata.org/entity/Q55,Nederland
http://www.wikidata.org/entity/Q9845,Heusden,http://www.wikidata.org/entity/Q55,Nederland
http://www.wikidata.org/entity/Q9934,Hilversum,http://www.wikidata.org/entity/Q55,Nederland
http://www.wikidata.org/entity/Q2551514,Jelsum,http://www.wikidata.org/entity/Q55,Nederland
http://www.wikidata.org/entity/Q25390,Leeuwarden,http://www.wikidata.org/entity/Q55,Nederland
http://www.wikidata.org/entity/Q43631,Leiden,http://www.wikidata.org/entity/Q55,Nederland
http://www.wikidata.org/entity/Q932008,Maarssen,http://www.wikidata.org/entity/Q55,Nederland
http://www.wikidata.org/entity/Q1309,Maastricht,http://www.wikidata.org/entity/Q55,Nederland
http://www.wikidata.org/entity/Q100037,Margraten,http://www.wikidata.org/entity/Q55,Nederland
http://www.wikidata.org/entity/Q52101,Middelburg,http://www.wikidata.org/entity/Q55,Nederland
http://www.wikidata.org/entity/Q84957520,Noordwijk aan Zee,http://www.wikidata.org/entity/Q55,Nederland
http://www.wikidata.org/entity/Q9783,Roermond,http://www.wikidata.org/entity/Q55,Nederland
http://www.wikidata.org/entity/Q34370,Rotterdam,http://www.wikidata.org/entity/Q55,Nederland
http://www.wikidata.org/entity/Q1961936,Schinveld,http://www.wikidata.org/entity/Q55,Nederland
http://www.wikidata.org/entity/Q2798071,Sinoutskerke,http://www.wikidata.org/entity/Q55,Nederland
http://www.wikidata.org/entity/Q2616736,Sint Anna ter Muiden,http://www.wikidata.org/entity/Q55,Nederland
http://www.wikidata.org/entity/Q2856296,Sint Kruis,http://www.wikidata.org/entity/Q55,Nederland
http://www.wikidata.org/entity/Q2065987,Sluis,http://www.wikidata.org/entity/Q55,Nederland
http://www.wikidata.org/entity/Q73221,Tiel,http://www.wikidata.org/entity/Q55,Nederland
http://www.wikidata.org/entity/Q803,Utrecht,http://www.wikidata.org/entity/Q55,Nederland
http://www.wikidata.org/entity/Q9768,Vaals,http://www.wikidata.org/entity/Q55,Nederland
http://www.wikidata.org/entity/Q234,Vlaanderen,http://www.wikidata.org/entity/Q55,Nederland
http://www.wikidata.org/entity/Q10084,Vlissingen,http://www.wikidata.org/entity/Q55,Nederland
http://www.wikidata.org/entity/Q923574,Voorhout,http://www.wikidata.org/entity/Q55,Nederland
http://www.wikidata.org/entity/Q848324,Voorschoten,http://www.wikidata.org/entity/Q55,Nederland
http://www.wikidata.org/entity/Q1367576,Vrouwenpolder,http://www.wikidata.org/entity/Q55,Nederland
http://www.wikidata.org/entity/Q1164598,Wormerveer,http://www.wikidata.org/entity/Q55,Nederland
http://www.wikidata.org/entity/Q664,Nieuw-Zeeland,http://www.wikidata.org/entity/Q664,Nieuw-Zeeland
http://www.wikidata.org/entity/Q23661,Wellington,http://www.wikidata.org/entity/Q664,Nieuw-Zeeland
http://www.wikidata.org/entity/Q109042,Halden,http://www.wikidata.org/entity/Q20,Noorwegen
http://www.wikidata.org/entity/Q62132,Lapland,http://www.wikidata.org/entity/Q20,Noorwegen
http://www.wikidata.org/entity/Q20,Noorwegen,http://www.wikidata.org/entity/Q20,Noorwegen
http://www.wikidata.org/entity/Q6403209,Khushpur,http://www.wikidata.org/entity/Q843,Pakistan
http://www.wikidata.org/entity/Q11739,Lahore,http://www.wikidata.org/entity/Q843,Pakistan
http://www.wikidata.org/entity/Q36433,Porto,http://www.wikidata.org/entity/Q45,Portugal
http://www.wikidata.org/entity/Q62132,Lapland,http://www.wikidata.org/entity/Q159,Rusland
http://www.wikidata.org/entity/Q1492,Barcelona,http://www.wikidata.org/entity/Q29,Spanje
http://www.wikidata.org/entity/Q2807,Madrid,http://www.wikidata.org/entity/Q29,Spanje
http://www.wikidata.org/entity/Q8717,Sevilla,http://www.wikidata.org/entity/Q29,Spanje
http://www.wikidata.org/entity/Q203197,Kandy,http://www.wikidata.org/entity/Q854,Sri Lanka
http://www.wikidata.org/entity/Q13123333,Kibanga,http://www.wikidata.org/entity/Q924,Tanzania
http://www.wikidata.org/entity/Q190959,Transvaal,http://www.wikidata.org/entity/Q193619,Unie van Zuid-Afrika
http://www.wikidata.org/entity/Q101254,Q101254,http://www.wikidata.org/entity/Q145,Verenigd Koninkrijk
http://www.wikidata.org/entity/Q1425428,Q1425428,http://www.wikidata.org/entity/Q145,Verenigd Koninkrijk
http://www.wikidata.org/entity/Q5125864,Q5125864,http://www.wikidata.org/entity/Q145,Verenigd Koninkrijk
http://www.wikidata.org/entity/Q5688340,Q5688340,http://www.wikidata.org/entity/Q145,Verenigd Koninkrijk
http://www.wikidata.org/entity/Q67574558,Q67574558,http://www.wikidata.org/entity/Q145,Verenigd Koninkrijk
http://www.wikidata.org/entity/Q7650196,Q7650196,http://www.wikidata.org/entity/Q145,Verenigd Koninkrijk
http://www.wikidata.org/entity/Q36405,Aberdeen,http://www.wikidata.org/entity/Q145,Verenigd Koninkrijk
http://www.wikidata.org/entity/Q1622949,Accrington,http://www.wikidata.org/entity/Q145,Verenigd Koninkrijk
http://www.wikidata.org/entity/Q716658,Arundel,http://www.wikidata.org/entity/Q145,Verenigd Koninkrijk
http://www.wikidata.org/entity/Q4865580,Barton upon Irwell,http://www.wikidata.org/entity/Q145,Verenigd Koninkrijk
http://www.wikidata.org/entity/Q22889,Bath,http://www.wikidata.org/entity/Q145,Verenigd Koninkrijk
http://www.wikidata.org/entity/Q4869146,Bathwick,http://www.wikidata.org/entity/Q145,Verenigd Koninkrijk
http://www.wikidata.org/entity/Q41890,Bayswater,http://www.wikidata.org/entity/Q145,Verenigd Koninkrijk
http://www.wikidata.org/entity/Q2660843,Bedminster,http://www.wikidata.org/entity/Q145,Verenigd Koninkrijk
http://www.wikidata.org/entity/Q10686,Belfast,http://www.wikidata.org/entity/Q145,Verenigd Koninkrijk
http://www.wikidata.org/entity/Q851718,Beverley,http://www.wikidata.org/entity/Q145,Verenigd Koninkrijk
http://www.wikidata.org/entity/Q2256,Birmingham,http://www.wikidata.org/entity/Q145,Verenigd Koninkrijk
http://www.wikidata.org/entity/Q873205,Bisdom Nottingham,http://www.wikidata.org/entity/Q145,Verenigd Koninkrijk
http://www.wikidata.org/entity/Q875554,Bisdom Salford,http://www.wikidata.org/entity/Q145,Verenigd Koninkrijk
http://www.wikidata.org/entity/Q188313,Blackburn,http://www.wikidata.org/entity/Q145,Verenigd Koninkrijk
http://www.wikidata.org/entity/Q184579,Bolton,http://www.wikidata.org/entity/Q145,Verenigd Koninkrijk
http://www.wikidata.org/entity/Q4940251,Bolton le Moors,http://www.wikidata.org/entity/Q145,Verenigd Koninkrijk
http://www.wikidata.org/entity/Q170478,Bournemouth,http://www.wikidata.org/entity/Q145,Verenigd Koninkrijk
http://www.wikidata.org/entity/Q122607,Bow,http://www.wikidata.org/entity/Q145,Verenigd Koninkrijk
http://www.wikidata.org/entity/Q1013528,Brentford,http://www.wikidata.org/entity/Q145,Verenigd Koninkrijk
http://www.wikidata.org/entity/Q131491,Brighton,http://www.wikidata.org/entity/Q145,Verenigd Koninkrijk
http://www.wikidata.org/entity/Q23154,Bristol,http://www.wikidata.org/entity/Q145,Verenigd Koninkrijk
http://www.wikidata.org/entity/Q1054923,Brits Hongkong,http://www.wikidata.org/entity/Q145,Verenigd Koninkrijk
http://www.wikidata.org/entity/Q918153,Brits-Ceylon,http://www.wikidata.org/entity/Q145,Verenigd Koninkrijk
http://www.wikidata.org/entity/Q146690,Brixton,http://www.wikidata.org/entity/Q145,Verenigd Koninkrijk
http://www.wikidata.org/entity/Q180356,Broadway,http://www.wikidata.org/entity/Q145,Verenigd Koninkrijk
http://www.wikidata.org/entity/Q2926028,Brompton,http://www.wikidata.org/entity/Q145,Verenigd Koninkrijk
http://www.wikidata.org/entity/Q4974338,Brook Green,http://www.wikidata.org/entity/Q145,Verenigd Koninkrijk
http://www.wikidata.org/entity/Q864668,Caithness,http://www.wikidata.org/entity/Q145,Verenigd Koninkrijk
http://www.wikidata.org/entity/Q1027584,Calverley,http://www.wikidata.org/entity/Q145,Verenigd Koninkrijk
http://www.wikidata.org/entity/Q385060,Camberwell,http://www.wikidata.org/entity/Q145,Verenigd Koninkrijk
http://www.wikidata.org/entity/Q350,Cambridge,http://www.wikidata.org/entity/Q145,Verenigd Koninkrijk
http://www.wikidata.org/entity/Q743535,Chelsea,http://www.wikidata.org/entity/Q145,Verenigd Koninkrijk
http://www.wikidata.org/entity/Q2564391,Chipping,http://www.wikidata.org/entity/Q145,Verenigd Koninkrijk
http://www.wikidata.org/entity/Q1065474,Chipping Norton,http://www.wikidata.org/entity/Q145,Verenigd Koninkrijk
http://www.wikidata.org/entity/Q925424,Christchurch,http://www.wikidata.org/entity/Q145,Verenigd Koninkrijk
http://www.wikidata.org/entity/Q146659,Clapham,http://www.wikidata.org/entity/Q145,Verenigd Koninkrijk
http://www.wikidata.org/entity/Q5125871,Clapham Park,http://www.wikidata.org/entity/Q145,Verenigd Koninkrijk
http://www.wikidata.org/entity/Q2376216,Clifton,http://www.wikidata.org/entity/Q145,Verenigd Koninkrijk
http://www.wikidata.org/entity/Q587996,Cowes,http://www.wikidata.org/entity/Q145,Verenigd Koninkrijk
http://www.wikidata.org/entity/Q1026699,Devizes,http://www.wikidata.org/entity/Q145,Verenigd Koninkrijk
http://www.wikidata.org/entity/Q23156,Devon,http://www.wikidata.org/entity/Q145,Verenigd Koninkrijk
http://www.wikidata.org/entity/Q23159,Dorset,http://www.wikidata.org/entity/Q145,Verenigd Koninkrijk
http://www.wikidata.org/entity/Q34779,Dumbarton,http://www.wikidata.org/entity/Q145,Verenigd Koninkrijk
http://www.wikidata.org/entity/Q179815,Durham,http://www.wikidata.org/entity/Q145,Verenigd Koninkrijk
http://www.wikidata.org/entity/Q1610804,East Preston,http://www.wikidata.org/entity/Q145,Verenigd Koninkrijk
http://www.wikidata.org/entity/Q23436,Edinburgh,http://www.wikidata.org/entity/Q145,Verenigd Koninkrijk
http://www.wikidata.org/entity/Q1981740,Elham,http://www.wikidata.org/entity/Q145,Verenigd Koninkrijk
http://www.wikidata.org/entity/Q1219676,Emsworth,http://www.wikidata.org/entity/Q145,Verenigd Koninkrijk
http://www.wikidata.org/entity/Q21,Engeland,http://www.wikidata.org/entity/Q145,Verenigd Koninkrijk
http://www.wikidata.org/entity/Q1010212,Fortrose,http://www.wikidata.org/entity/Q145,Verenigd Koninkrijk
http://www.wikidata.org/entity/Q4093,Glasgow,http://www.wikidata.org/entity/Q145,Verenigd Koninkrijk
http://www.wikidata.org/entity/Q383912,Glossop,http://www.wikidata.org/entity/Q145,Verenigd Koninkrijk
http://www.wikidata.org/entity/Q23666,Groot-Brittannië,http://www.wikidata.org/entity/Q145,Verenigd Koninkrijk
http://www.wikidata.org/entity/Q23306,Groot-Londen,http://www.wikidata.org/entity/Q145,Verenigd Koninkrijk
http://www.wikidata.org/entity/Q277162,Hammersmith,http://www.wikidata.org/entity/Q145,Verenigd Koninkrijk
http://www.wikidata.org/entity/Q25610,Hampstead,http://www.wikidata.org/entity/Q145,Verenigd Koninkrijk
http://www.wikidata.org/entity/Q29245,Hastings,http://www.wikidata.org/entity/Q145,Verenigd Koninkrijk
http://www.wikidata.org/entity/Q5685502,"Hawthorn Hill, Berkshire",http://www.wikidata.org/entity/Q145,Verenigd Koninkrijk
http://www.wikidata.org/entity/Q9681,Hertford,http://www.wikidata.org/entity/Q145,Verenigd Koninkrijk
http://www.wikidata.org/entity/Q124394,Highbury,http://www.wikidata.org/entity/Q145,Verenigd Koninkrijk
http://www.wikidata.org/entity/Q123947,Highgate,http://www.wikidata.org/entity/Q145,Verenigd Koninkrijk
http://www.wikidata.org/entity/Q3051137,Hulme,http://www.wikidata.org/entity/Q145,Verenigd Koninkrijk
http://www.wikidata.org/entity/Q125163,Islington,http://www.wikidata.org/entity/Q145,Verenigd Koninkrijk
http://www.wikidata.org/entity/Q288781,Kensington,http://www.wikidata.org/entity/Q145,Verenigd Koninkrijk
http://www.wikidata.org/entity/Q2321706,Kingston upon Thames,http://www.wikidata.org/entity/Q145,Verenigd Koninkrijk
http://www.wikidata.org/entity/Q32508,Kingston upon Thames,http://www.wikidata.org/entity/Q145,Verenigd Koninkrijk
http://www.wikidata.org/entity/Q202059,Lambeth,http://www.wikidata.org/entity/Q145,Verenigd Koninkrijk
http://www.wikidata.org/entity/Q23077,Lancashire,http://www.wikidata.org/entity/Q145,Verenigd Koninkrijk
http://www.wikidata.org/entity/Q24826,Liverpool,http://www.wikidata.org/entity/Q145,Verenigd Koninkrijk
http://www.wikidata.org/entity/Q84,Londen,http://www.wikidata.org/entity/Q145,Verenigd Koninkrijk
http://www.wikidata.org/entity/Q1626288,Long Eaton,http://www.wikidata.org/entity/Q145,Verenigd Koninkrijk
http://www.wikidata.org/entity/Q238803,Maidenhead,http://www.wikidata.org/entity/Q145,Verenigd Koninkrijk
http://www.wikidata.org/entity/Q18125,Manchester,http://www.wikidata.org/entity/Q145,Verenigd Koninkrijk
http://www.wikidata.org/entity/Q123634,Marylebone,http://www.wikidata.org/entity/Q145,Verenigd Koninkrijk
http://www.wikidata.org/entity/Q1018423,Melton Mowbray,http://www.wikidata.org/entity/Q145,Verenigd Koninkrijk
http://www.wikidata.org/entity/Q19186,Middlesex,http://www.wikidata.org/entity/Q145,Verenigd Koninkrijk
http://www.wikidata.org/entity/Q149688,Mill Hill,http://www.wikidata.org/entity/Q145,Verenigd Koninkrijk
http://www.wikidata.org/entity/Q23109,Norfolk,http://www.wikidata.org/entity/Q145,Verenigd Koninkrijk
http://www.wikidata.org/entity/Q7056086,North Meols,http://www.wikidata.org/entity/Q145,Verenigd Koninkrijk
http://www.wikidata.org/entity/Q215354,Notting Hill,http://www.wikidata.org/entity/Q145,Verenigd Koninkrijk
http://www.wikidata.org/entity/Q41262,Nottingham,http://www.wikidata.org/entity/Q145,Verenigd Koninkrijk
http://www.wikidata.org/entity/Q23092,Nottinghamshire,http://www.wikidata.org/entity/Q145,Verenigd Koninkrijk
http://www.wikidata.org/entity/Q34217,Oxford,http://www.wikidata.org/entity/Q145,Verenigd Koninkrijk
http://www.wikidata.org/entity/Q124230,Paddington,http://www.wikidata.org/entity/Q145,Verenigd Koninkrijk
http://www.wikidata.org/entity/Q2209469,Pendleton,http://www.wikidata.org/entity/Q145,Verenigd Koninkrijk
http://www.wikidata.org/entity/Q208209,Penzance,http://www.wikidata.org/entity/Q145,Verenigd Koninkrijk
http://www.wikidata.org/entity/Q203000,Perth,http://www.wikidata.org/entity/Q145,Verenigd Koninkrijk
http://www.wikidata.org/entity/Q2404540,Pilling,http://www.wikidata.org/entity/Q145,Verenigd Koninkrijk
http://www.wikidata.org/entity/Q28599921,Portsea,http://www.wikidata.org/entity/Q145,Verenigd Koninkrijk
http://www.wikidata.org/entity/Q184090,Preston,http://www.wikidata.org/entity/Q145,Verenigd Koninkrijk
http://www.wikidata.org/entity/Q1003559,Prestwich,http://www.wikidata.org/entity/Q145,Verenigd Koninkrijk
http://www.wikidata.org/entity/Q161491,Reading,http://www.wikidata.org/entity/Q145,Verenigd Koninkrijk
http://www.wikidata.org/entity/Q3057456,Roehampton,http://www.wikidata.org/entity/Q145,Verenigd Koninkrijk
http://www.wikidata.org/entity/Q546635,Royal Leamington Spa,http://www.wikidata.org/entity/Q145,Verenigd Koninkrijk
http://www.wikidata.org/entity/Q776556,Ryde,http://www.wikidata.org/entity/Q145,Verenigd Koninkrijk
http://www.wikidata.org/entity/Q47952,Salford,http://www.wikidata.org/entity/Q145,Verenigd Koninkrijk
http://www.wikidata.org/entity/Q743521,Scarborough,http://www.wikidata.org/entity/Q145,Verenigd Koninkrijk
http://www.wikidata.org/entity/Q201970,Shrewsbury,http://www.wikidata.org/entity/Q145,Verenigd Koninkrijk
http://www.wikidata.org/entity/Q7567400,South Hackney,http://www.wikidata.org/entity/Q145,Verenigd Koninkrijk
http://www.wikidata.org/entity/Q1045096,South Kensington,http://www.wikidata.org/entity/Q145,Verenigd Koninkrijk
http://www.wikidata.org/entity/Q79848,Southampton,http://www.wikidata.org/entity/Q145,Verenigd Koninkrijk
http://www.wikidata.org/entity/Q5273898,Southwark,http://www.wikidata.org/entity/Q145,Verenigd Koninkrijk
http://www.wikidata.org/entity/Q26523296,"St Edward's Convent Of Mercy, And School",http://www.wikidata.org/entity/Q145,Verenigd Koninkrijk
http://www.wikidata.org/entity/Q2065416,St Pancras,http://www.wikidata.org/entity/Q145,Verenigd Koninkrijk
http://www.wikidata.org/entity/Q134902,Stoke-on-Trent,http://www.wikidata.org/entity/Q145,Verenigd Koninkrijk
http://www.wikidata.org/entity/Q2449737,Stone,http://www.wikidata.org/entity/Q145,Verenigd Koninkrijk
http://www.wikidata.org/entity/Q7619622,Stonyhurst,http://www.wikidata.org/entity/Q145,Verenigd Koninkrijk
http://www.wikidata.org/entity/Q188304,Sunderland,http://www.wikidata.org/entity/Q145,Verenigd Koninkrijk
http://www.wikidata.org/entity/Q531311,Teignmouth,http://www.wikidata.org/entity/Q145,Verenigd Koninkrijk
http://www.wikidata.org/entity/Q1143278,Twickenham,http://www.wikidata.org/entity/Q145,Verenigd Koninkrijk
http://www.wikidata.org/entity/Q549761,Warwick,http://www.wikidata.org/entity/Q145,Verenigd Koninkrijk
http://www.wikidata.org/entity/Q189960,Westminster,http://www.wikidata.org/entity/Q145,Verenigd Koninkrijk
http://www.wikidata.org/entity/Q1012502,Wick,http://www.wikidata.org/entity/Q145,Verenigd Koninkrijk
http://www.wikidata.org/entity/Q163,Yorkshire,http://www.wikidata.org/entity/Q145,Verenigd Koninkrijk
http://www.wikidata.org/entity/Q632471,Archbold,http://www.wikidata.org/entity/Q30,Verenigde Staten
http://www.wikidata.org/entity/Q100,Boston,http://www.wikidata.org/entity/Q30,Verenigde Staten
http://www.wikidata.org/entity/Q1297,Chicago,http://www.wikidata.org/entity/Q30,Verenigde Staten
http://www.wikidata.org/entity/Q747599,Covington,http://www.wikidata.org/entity/Q30,Verenigde Staten
http://www.wikidata.org/entity/Q577334,Danville,http://www.wikidata.org/entity/Q30,Verenigde Staten
http://www.wikidata.org/entity/Q960518,Deer Lodge,http://www.wikidata.org/entity/Q30,Verenigde Staten
http://www.wikidata.org/entity/Q12439,Detroit,http://www.wikidata.org/entity/Q30,Verenigde Staten
http://www.wikidata.org/entity/Q1166,Michigan,http://www.wikidata.org/entity/Q30,Verenigde Staten
http://www.wikidata.org/entity/Q995533,Monroe,http://www.wikidata.org/entity/Q30,Verenigde Staten
http://www.wikidata.org/entity/Q1431633,Mount Clemens,http://www.wikidata.org/entity/Q30,Verenigde Staten
http://www.wikidata.org/entity/Q60,New York,http://www.wikidata.org/entity/Q30,Verenigde Staten
http://www.wikidata.org/entity/Q1384,New York,http://www.wikidata.org/entity/Q30,Verenigde Staten
http://www.wikidata.org/entity/Q2442951,Niles,http://www.wikidata.org/entity/Q30,Verenigde Staten
http://www.wikidata.org/entity/Q233129,Peoria,http://www.wikidata.org/entity/Q30,Verenigde Staten
http://www.wikidata.org/entity/Q49218,Rochester,http://www.wikidata.org/entity/Q30,Verenigde Staten
http://www.wikidata.org/entity/Q486877,South Bend,http://www.wikidata.org/entity/Q30,Verenigde Staten
http://www.wikidata.org/entity/Q600301,Troy,http://www.wikidata.org/entity/Q30,Verenigde Staten
http://www.wikidata.org/entity/Q30,Verenigde Staten,http://www.wikidata.org/entity/Q30,Verenigde Staten
http://www.wikidata.org/entity/Q1223,Washington,http://www.wikidata.org/entity/Q30,Verenigde Staten
http://www.wikidata.org/entity/Q1380709,Watervliet,http://www.wikidata.org/entity/Q30,Verenigde Staten
http://www.wikidata.org/entity/Q146811,Zanesville,http://www.wikidata.org/entity/Q30,Verenigde Staten
http://www.wikidata.org/entity/Q8686,Shanghai,http://www.wikidata.org/entity/Q148,Volksrepubliek China
http://www.wikidata.org/entity/Q1557796,Gwanda,http://www.wikidata.org/entity/Q954,Zimbabwe
http://www.wikidata.org/entity/Q185591,Pietermaritzburg,http://www.wikidata.org/entity/Q258,Zuid-Afrika
http://www.wikidata.org/entity/Q190959,Transvaal,http://www.wikidata.org/entity/Q258,Zuid-Afrika
http://www.wikidata.org/entity/Q258,Zuid-Afrika,http://www.wikidata.org/entity/Q258,Zuid-Afrika
http://www.wikidata.org/entity/Q62132,Lapland,http://www.wikidata.org/entity/Q34,Zweden
http://www.wikidata.org/entity/Q4191,Luzern,http://www.wikidata.org/entity/Q39,Zwitserland
http://www.wikidata.org/entity/Q39,Zwitserland,http://www.wikidata.org/entity/Q39,Zwitserland
