ID,Label,Type,Image,birthPlaceLabel,birthCountryLabel,deathPlaceLabel,deathCountryLabel,Samengestelde werkplaatsen,Samengestelde woonplaatsen,Bijhorendland,BijhorendlandLabel
Q115818424,Achiel Piepers,Person,,Kuurne,België,Ardooie,België,,,,
Q119013873,Achiel Van de Putte,Person,,Rollegem-Kapelle,België,Veurne,België,,,,
Q119217729,Achille Croquison,Person,,Kortrijk,België,Kortrijk,België,,,,
Q115834468,Achilles Bohyn,Person,,Kruishoutem,België,Oostwinkel,België,,,,
Q123417058,Adela Pauline Courtens,Person,,Harelbeke,België,Harelbeke,België,,,,
Q125306156,Adelaida Antonia Vuylsteke,Person,,Menen,België,Kortrijk,België,,,,
Q113754119,Adolf De Wolf,Person,,Brugge,België,,,,,,
Q2524668,Adolf Duclos,Person,http://commons.wikimedia.org/wiki/Special:FilePath/Adolf%20Duclos001.jpg,Brugge,België,Brugge,België,,,,
Q4722117,Adolf Lootens,Person,,Brugge,België,Highgate,Verenigd Koninkrijk,,,,
Q43140929,Adolf Pauwels,Person,,Berchem,België,Antwerpen,België,,,,
Q100534520,Adolf Verriest,Person,http://commons.wikimedia.org/wiki/Special:FilePath/Adolf%20Karel%20vader%20Petrus%20moeder%20Carolina%20Verriest%20in%201861.jpg,Deerlijk,België,Kortrijk,België,,,,
Q5580544,Adrianus Bogaers,Person,http://commons.wikimedia.org/wiki/Special:FilePath/Adrianus%20Bogaers.jpg,Den Haag,Nederland,Spa,België,,,,
Q123051567,Agnes Cecilia Young,Person,,,,,,,,,
Q116687284,Agnes Mary Christophers,Person,,St Pancras,Verenigd Koninkrijk,,,,,,
Q115814290,Aimé Erneste Marie Dierick,Person,,Izegem,België,Harelbeke,België,,,,
Q115834690,Aimé Lagae,Person,,Heule,België,Brugge,België,,,,
Q15627098,Albany James Christie,Person,,Southwark,Verenigd Koninkrijk,Groot-Londen,Verenigd Koninkrijk,,,,
Q15627098,Albany James Christie,Person,,Groot-Londen,Verenigd Koninkrijk,Groot-Londen,Verenigd Koninkrijk,,,,
Q118772822,Albert Aimé Marie Vandewalle,Person,,,,,,,,,
Q586323,Albert Verwey,Person,http://commons.wikimedia.org/wiki/Special:FilePath/Portret%20van%20Albert%20Verwey%20Rijksmuseum%20SK-C-1680.jpeg,Amsterdam,Nederland,Noordwijk aan Zee,Nederland,,,,
Q2832059,Albéric Emmanuel Henri Marie Ghislain Ruzette,Person,http://commons.wikimedia.org/wiki/Special:FilePath/Weekblad%20Pallieter%20-%20voorpagina%201924%2023%20baron%20ruzette.jpg,Sint-Joost-ten-Node,België,Brugge,België,,,,
Q56036018,Alexandre Bonvarlet,Person,http://commons.wikimedia.org/wiki/Special:FilePath/Alexandre%20Bonvarlet%20by%20Michel%20Berthaud.jpg,Duinkerke,Frankrijk,Nieuw-Koudekerke,Frankrijk,,,,
Q125490771,Alexandre Marie Ghislain Gillès de Pélichy,Person,,Antwerpen,België,Brugge,België,,,,
Q2332586,Alexis De Carne,Person,,Stavele,België,Roeselare,België,,,,
Q119729450,Alfons Algoet,Person,,Brugge,België,Brugge,België,,,,
Q118142378,Alfons Bouckaert,Person,,Beveren,België,Torhout,België,,,,
Q110039191,Alfons Dassonville,Person,,Heule,België,Kortrijk,België,,,,
Q2100582,Alfons De Cock,Person,http://commons.wikimedia.org/wiki/Special:FilePath/Alfons%20de%20Cock%2C%20PA05233.jpg,Herdersem,België,Antwerpen,België,,,,
Q2638823,Alfons Janssens,Person,http://commons.wikimedia.org/wiki/Special:FilePath/Alfons%20Janssens.jpg,Sint-Niklaas,België,Luzern,Zwitserland,,,,
Q56036059,Alfons Maria Napoleon Prayon-van Zuylen van Nyevelt,Person,,Gent,België,Twickenham,Verenigd Koninkrijk,,,,
Q2675588,Alfons Mervillie,Person,,Wontergem,België,Kortrijk,België,,,,
Q2539969,Alfons Siffer,Person,http://commons.wikimedia.org/wiki/Special:FilePath/Alfons%20Siffer%201850-1941.jpg,Zomergem,België,Gent,België,,,,
Q119621396,Alfons Steinmetz,Person,,,,,,,,,
Q120973166,Alfons Van Doorne,Person,,Poeke,België,Aalter,België,,,,
Q2050293,Alfons Van Hee,Person,,Lo-Reninge,België,Moere,België,,,,
Q26845752,Alfred Guichon de Grandpont,Person,,Dijon,Frankrijk,Brest,Frankrijk,,,,
Q115820635,Alfred Neut,Person,,Gent,België,Calcutta,India,,,,
Q115815697,Aloysius De Visschere,Person,,Ruddervoorde,België,Emelgem,België,,,,
Q115833316,Aloysius Farasyn,Person,,Lichtervelde,België,Heestert,België,,,,
Q115979418,Aloysius Vandemaele,Person,,Zwevegem,België,Asper,België,,,,
Q115821483,Aloïs Baelen,Person,,Poperinge,België,Kortrijk,België,,,,
Q2580620,Aloïs Nelis,Person,,Antwerpen,België,Leuven,België,,,,
Q119013806,Aloïs Van de Pitte,Person,,Brugge,België,Brugge,België,,,,
Q2298746,Aloïs Walgrave,Person,,Gent,België,Brugge,België,,,,
Q2450554,Alphonse De Leyn,Person,,Brugge,België,Brugge,België,,,,
Q11071766,Alphonse de Voss,Person,,Mesen,België,China,,,,,
Q11071766,Alphonse de Voss,Person,,Frankrijk,Frankrijk,China,,,,,
Q2099446,Amaat Joos,Person,http://commons.wikimedia.org/wiki/Special:FilePath/Amaat%20Joos.jpg,Hamme,België,Gent,België,,,,
Q3421496,Amaat Vyncke,Person,http://commons.wikimedia.org/wiki/Special:FilePath/Amaat%20Vyncke.jpg,Zedelgem,België,Kibanga,Tanzania,,,,
Q970036,Amand Neut,Person,,Moorsele,België,Gent,België,,,,
Q2481707,Amand de Vos,Person,http://commons.wikimedia.org/wiki/Special:FilePath/Wazenaar%20Amand%20de%20Vos.jpg,Eksaarde,België,Gent,België,,,,
Q136750770,Amandus Cornelius Dequidt,Person,,Poperinge,België,Poperinge,België,,,,
Q115831039,Amandus Devloo,Person,,Alveringem,België,Lichtervelde,België,,,,
Q124619468,Amelia Vander Stichele,Person,http://commons.wikimedia.org/wiki/Special:FilePath/Schilderij%20Henri%20Dobbelaere%20Engelendale.jpg,Sint-Eloois-Winkel,België,Mariakerke,België,,,,
Q1280942,Amédée Visart de Bocarmé,Person,http://commons.wikimedia.org/wiki/Special:FilePath/Portret%20van%20burgemeester%20Am%C3%A9d%C3%A9e%20Visart%20de%20Bocarm%C3%A9%2C%20circa%201837%20-%20circa%201924%2C%20Groeningemuseum%2C%200041286000.jpg,Sint-Kruis,België,Brugge,België,,,,
Q131923924,Amélie Emérentine Joseph Mullier,Person,,Moeskroen,België,Menen,België,,,,
Q122831276,Amélie Frère,Person,,Tongeren,België,Flône,België,,,,
Q119039774,Andries J. Winkler,Person,,Leeuwarden,Nederland,Haarlem,Nederland,,,,
Q13429634,Angelus August Eugeen Angillis,Person,,,,,,,,,
Q115842281,Angelus Dumelie,Person,,Poperinge,België,Kortrijk,België,,,,
Q123050649,Ann Jordan,Person,,Engeland,Verenigd Koninkrijk,,,,,,
Q116656531,Anna Demets,Person,http://commons.wikimedia.org/wiki/Special:FilePath/Portretfoto%20Anna%20Demets.jpg,Kortrijk,België,,,,,,
Q116508558,Anne Hill,Person,,Pendleton,Verenigd Koninkrijk,Barton upon Irwell,Verenigd Koninkrijk,,,,
Q115830433,Antoine Wemaer,Person,,Brugge,België,Brugge,België,,,,
Q2360599,Antoon Jozef Witteryck,Person,http://commons.wikimedia.org/wiki/Special:FilePath/Wytterick%2023.JPG,Oostkamp,België,Assebroek,België,,,,
Q62117109,Antoon Verwaetermeulen,Person,,Kortrijk,België,Brugge,België,,,,
Q120897770,Armand Valcke,Person,,Ingelmunster,België,,,,,,
Q115979140,Arsenius Dehulster,Person,,Roeselare,België,Kortrijk,België,,,,
Q3450211,Arthur De Schrevel,Person,,Wervik,België,Brugge,België,,,,
Q122971839,Arthur Jean Botte,Person,,Gent,België,Brugge,België,,,,
Q115818861,Arthur Lewylle,Person,,Vlamertinge,België,Ukkel,België,,,,
Q115834833,Arthur Maria Gustavus Florimond Plettinck,Person,,Meulebeke,België,Tongerlo,België,,,,
Q120164850,Arthur Robinson,Person,,Newport,Verenigd Koninkrijk,Brugge,België,,,,
Q115979812,August Busschaert,Person,,Marke,België,Nieuwpoort,België,,,,
Q2215154,August Cuppens,Person,,Beringen,België,Loksbergen,België,,,,
Q120639934,August Delbaere,Person,,Aalbeke,België,Kortrijk,België,,,,
Q115818168,August Hoflack,Person,,Staden,België,Oostvleteren,België,,,,
Q115839088,August Laporta,Person,,Lier,België,Lier,België,,,,
Q119625085,August Selosse,Person,,,,,,,,,
Q764378,August Vermeylen,Person,http://commons.wikimedia.org/wiki/Special:FilePath/AugustVermeylen2.jpg,Stedelijk gebied Brussel,België,Ukkel,België,,,,
Q125535110,August William McDonogh,Person,,Lambeth,Verenigd Koninkrijk,Hastings,Verenigd Koninkrijk,,,,
Q122842403,Augusta Lewis Bampfield,Person,,Londen,Verenigd Koninkrijk,Hertford,Verenigd Koninkrijk,,,,
Q117246862,Augusta Maria Mathildis Vyncke,Person,,Zedelgem,België,Snellegem,België,,,,
Q2490990,Auguste Reynaert,Person,http://commons.wikimedia.org/wiki/Special:FilePath/Kortrijk%20Astridpark-11.JPG,Anzegem,België,Kortrijk,België,,,,
Q2059291,Auguste Reyns,Person,,Brugge,België,Brugge,België,,,,
Q2658862,Auguste Van Speybrouck,Person,,Brugge,België,Brugge,België,,,,
Q115813025,Auguste de Laage de Bellefaye,Person,,Sint-Omaars,Frankrijk,Sint-Andries,België,,,,
Q120999304,Augustijn Van Heuverswyn,Person,,Nazareth,België,Aalst,België,,,,
Q115825488,Augustin Frutsaert,Person,,Sint-Omaars,Frankrijk,Brugge,België,,,,
Q115844105,Augustin Van Becelaere,Person,,Kortrijk,België,Kachtem,België,,,,
Q115979130,Augustinus De Geetere,Person,,Brugge,België,Brugge,België,,,,
Q115835531,Augustinus Ghequiere,Person,,Rollegem,België,Brussel,België,,,,
Q115840920,Augustus Declerc,Person,,Nieuwpoort,België,Salford,Verenigd Koninkrijk,,,,
Q115823355,Augustus Rodts,Person,,Knesselare,België,Middelburg,België,,,,
Q4865289,Bartholomew Woodlock,Person,http://commons.wikimedia.org/wiki/Special:FilePath/Bartholomew%20Woodlock%2C%20portrait.png,Dublin,Ierland,Dublin,Ierland,,,,
Q115826830,Benedictus Goeman,Person,,Heldergem,België,Moerzeke,België,,,,
Q822307,Bernard Bernard,Person,http://commons.wikimedia.org/wiki/Special:FilePath/%28Baumg1889%29%20Bernard%20Bernard%20%28Kathol.%20Missionar%20auf%20Island%29.jpg,Mogues,Frankrijk,Noirétable,Frankrijk,,,,
Q122884053,Bernard Joseph Weale,Person,,Brugge,België,Australië,Australië,,,,
Q115812384,Bernardus Josephus Colier,Person,,Brugge,België,Westkapelle,België,,,,
Q122818902,Bertha Wachowsky,Person,,Münster,Duitsland,,,,,,
Q115829623,Bruno De Splenter,Person,,Ooigem,België,Kortrijk,België,,,,
Q115836783,Bruno Joseph Jean Vandale,Person,,Kortrijk,België,Poperinge,België,,,,
Q115839360,Bruno Van Hove,Person,http://commons.wikimedia.org/wiki/Special:FilePath/A%20Monsieur%20le%20chanoine%20Van%20Hove%2C%201869%2C%20Musea%20Brugge%2C%200020.GRO0352.III.jpg,Izegem,België,Tielt,België,,,,
Q115308515,Bruno Vander Stichele,Person,,Gullegem,België,Gullegem,België,,,,
Q2154331,Caesar Gezelle,Person,,Brugge,België,Moorslede,België,,,,
Q2154331,Caesar Gezelle,Person,,Brugge,België,Moorsele,België,,,,
Q115840234,Camiel Roelandts,Person,,Ingelmunster,België,Harelbeke,België,,,,
Q120729190,Camiel-Hector Marichal,Person,,Beernem,België,Argentinië,Argentinië,,,,
Q117409336,Camille Lateur,Person,,Avelgem,België,Avelgem,België,,,,
Q2203619,Camille Looten,Person,http://commons.wikimedia.org/wiki/Special:FilePath/Canon%20Camille%20Looten.jpg,Noordpene,Frankrijk,Rijsel,Frankrijk,,,,
Q123689972,Camillus Delaere,Person,,Hulste,België,Sint-Andries,België,,,,
Q5026719,Camillus Paul Maes,Person,http://commons.wikimedia.org/wiki/Special:FilePath/Bishop%20Camillus%20Paul%20Maes.jpg,Kortrijk,België,Covington,Verenigde Staten,,,,
Q123399443,Carolina Theresia Lefebvre,Person,,Kortrijk,België,Kortrijk,België,,,,
Q122775600,Caroline Harriet Locke,Person,,Newcastle West,Ierland,Sarrebourg,Frankrijk,,,,
Q115982585,Carolus Ludovicus Brondel,Person,,Brugge,België,Brugge,België,,,,
Q115811027,Carolus Ludovicus Crupelant,Person,,Gullegem,België,Roesbrugge-Haringe,België,,,,
Q136759863,Carolus Philippus Joannes Marie Josephus de Patin de Langemarck,Person,,Langemark,België,Langemark,België,,,,
Q115839380,Carolus Surmont,Person,,Zevekote,België,Zevekote,België,,,,
Q115838420,Carolus Van den Broucke,Person,,Eernegem,België,Moorslede,België,,,,
Q115979029,Casimir Affenaer,Person,,Menen,België,Veurne,België,,,,
Q111744944,Casper Lambertus van Langenhuijsen,Person,,s-Hertogenbosch,Nederland,Amsterdam,Nederland,,,,
Q116621487,Catharine Macdaniel,Person,,Londen,Verenigd Koninkrijk,Londen,Verenigd Koninkrijk,,,,
Q122830932,Catherine Hart,Person,,Dublin,Ierland,Brighton,Verenigd Koninkrijk,,,,
Q123422368,Catherine O'Farrell,Person,,Belfast,Verenigd Koninkrijk,,,,,,
Q122853878,Catherine Simpson Mackenzie,Person,,Fortrose,Verenigd Koninkrijk,,,,,,
Q116620739,Catherine de Kyvere,Person,,Heule,België,,,,,,
Q123600982,Cathérine Joséphine Mesnage,Person,,Brussel,België,Kortrijk,België,,,,
Q118189670,Cecilia Sarah De Lisle,Person,,Edinburgh,Verenigd Koninkrijk,Londen,Verenigd Koninkrijk,,,,
Q136759797,Charles Adolphe De Waele,Person,,Roubaix,Frankrijk,Klerken,België,,,,
Q56174577,Charles Alban Buckler,Person,,,,,,,,,
Q1877721,Charles Carton,Person,http://commons.wikimedia.org/wiki/Special:FilePath/Charles%20Carton.jpg,Pittem,België,Brugge,België,,,,
Q2715338,Charles Delcour,Person,http://commons.wikimedia.org/wiki/Special:FilePath/Membres%20du%20Minist%C3%A8re%20%28Delcour%29.jpg,Dolhain,België,Leuven,België,,,,
Q120640333,Charles Denys,Person,,,,,,,,,
Q136805616,Charles François Joseph Soudan,Person,,Aalter,België,Gent,België,,,,
Q661733,Charles Gillès de Pelichy,Person,,Brugge,België,Brugge,België,,,,
Q125472556,Charles Grant Edmonstone,Person,,Dumbarton,Verenigd Koninkrijk,Pietermaritzburg,Zuid-Afrika,,,,
Q5006521,Charles Hodgson Fowler,Person,http://commons.wikimedia.org/wiki/Special:FilePath/Church%20of%20St%20Oswald%20-%20detail%20of%20stained%20glass%20window%20depicting%20church%20architect%2C%20Charles%20Hodgson%20Fowler%20%28cropped%29.jpg,Nottinghamshire,Verenigd Koninkrijk,Durham,Verenigd Koninkrijk,,,,
Q122974430,Charles Joseph Pagliano,Person,,,,,,,,,
Q119040354,Charles Joseph Vercauteren,Person,,Brugge,België,Brugge,België,,,,
Q115817919,Charles Louis Goemaere,Person,,Meulebeke,België,Ruiselede,België,,,,
Q122971101,Charles Louis Poublon,Person,,Wevelgem,België,Kortrijk,België,,,,
Q55233295,Charles Van Cauwenberghe,Person,http://commons.wikimedia.org/wiki/Special:FilePath/Charles%20van%20Cauwenberghe.%20Photograph%20by%20J.C.%20Jaeger.%20Wellcome%20V0028110.jpg,Wortegem-Petegem,België,Gent,België,,,,
Q3538623,Charles van Caloen,Person,http://commons.wikimedia.org/wiki/Special:FilePath/PM%20161806%20B%20Loppem%20%28Charles%20van%20Caloen%29.jpg,Brugge,België,Brugge,België,,,,
Q120555811,Charles-Jean De Mulié,Person,,Kortrijk,België,Kortrijk,België,,,,
Q1149378,"Charlotte Fitzalan-Howard, Duchess of Norfolk",Person,http://commons.wikimedia.org/wiki/Special:FilePath/Charlotte%20Sophia%2C%20Countess%20of%20Surrey%20%281788-1870%29%2C%20by%20studio%20of%20Sir%20Thomas%20Lawrence.jpg,Londen,Verenigd Koninkrijk,Londen,Verenigd Koninkrijk,,,,
Q122974373,Clara Andrews,Person,,,,,,,,,
Q115104760,Clementia Hiers,Person,http://commons.wikimedia.org/wiki/Special:FilePath/Portret%20van%20Clementia%20Hiers%20%28Hendrik%20De%20Pondt%2C%201878%29.jpg,Kortrijk,België,Kortrijk,België,,,,
Q116510419,Colette Virginie Parvost,Person,,Kortrijk,België,Kortrijk,België,,,,
Q2457997,Constant Hansen,Person,http://commons.wikimedia.org/wiki/Special:FilePath/Hansen%2C%20Constant%20Jacob%20%281833-1910%29%3B%20letterkundige%20en%20hoofdbibliothecaris%20stadsbibliotheek%20Antwerpen%2C%20Haeck%2C%20Leopold%2C%20Felixarchief%2C%2012%209296%20recto%20%28cropped%29.jpg,Vlissingen,Nederland,Brasschaat,België,,,,
Q115819047,Constant Van Coillie,Person,,Hooglede,België,Kortrijk,België,,,,
Q115816445,Constantin Lagae,Person,,Roeselare,België,,,,,,
Q115837593,Constantin Thoma,Person,,Oostende,België,Oostende,België,,,,
Q115837342,Constantinus Roelandts,Person,,Ingelmunster,België,Dikkebus,België,,,,
Q115839443,Constantinus Van Zieleghem,Person,,Tielt,België,Brugge,België,,,,
Q113466955,Cordelia Van de Wiele,Person,http://commons.wikimedia.org/wiki/Special:FilePath/Cordelia%20Van%20de%20Wiele%20-%20secretaresse%20Guido%20Gezelle.jpg,Kortrijk,België,Kortrijk,België,,,,
Q120793054,Cuthbert Robinson,Person,,Middlesex,Verenigd Koninkrijk,Londen,Verenigd Koninkrijk,,,,
Q98322098,Cyriel Delaere,Person,,Lendelede,België,Leffinge,België,,,,
Q122884757,Cyril James Weale,Person,,Brugge,België,Q5125864,Verenigd Koninkrijk,,,,
Q122779793,Delphine Frederica Marie Blancke,Person,,Dadizele,België,Dadizele,België,,,,
Q118998471,Denis Auguste Julien Roger,Person,,Brugge,België,Brugge,België,,,,
Q115834834,Desideer Meersseman,Person,,Geluveld,België,Moorsele,België,,,,
Q120556534,Desiderius De Pau,Person,,Maldegem,België,Maldegem,België,,,,
Q118733026,Domenico Macry Correale,Person,,Siderno,Italië,Siderno,Italië,,,,
Q126113249,Domenico Pisani,Person,,Palmata,Italië,Dublin,Ierland,,,,
Q117244211,Dymphna Gezelle,Person,http://commons.wikimedia.org/wiki/Special:FilePath/Foto%20Dymphna%20Gezelle%20%282%29.jpg,Brugge,België,Leuven,België,,,,
Q55911879,Désiré Claes,Person,,Neerlinter,België,Namen,België,,,,
Q115836065,Edezius Goormachtigh,Person,,Dottenijs,België,Luik,België,,,,
Q377071,Edgar Tinel,Person,http://commons.wikimedia.org/wiki/Special:FilePath/Edgar%20Tinel%201911.jpg,Sinaai,België,Brussel,België,,,,
Q122903342,Edith-Cathare Smith,Person,,Londen,Verenigd Koninkrijk,Marylebone,Verenigd Koninkrijk,,,,
Q120718341,Edmond Amand Constant Lecompte,Person,,Wervik,België,,,,,,
Q136762833,Edmond Antoine Marie Gilleman,Person,,Brugge,België,Brugge,België,,,,
Q118120867,Edmond De Plancke,Person,,Brugge,België,Brugge,België,,,,
Q13575367,Edmond Denys,Person,,Roeselare,België,Lichtervelde,België,,,,
Q136759995,Edmond Désiré Deckmyn,Person,,Roeselare,België,Brussel,België,,,,
Q115820636,Edmond Neut,Person,,Gent,België,Kandy,Sri Lanka,,,,
Q115836962,Edmond Soenen,Person,,Wingene,België,Brugge,België,,,,
Q4902927,Edmond Van Hee,Person,,Lo,België,Veurne,België,,,,
Q18533827,Edmond Van der Straeten,Person,http://commons.wikimedia.org/wiki/Special:FilePath/Portret%20van%20Edmond%20Van%20der%20Straeten%201895%20barcode%20910000105444.jpg,Oudenaarde,België,Oudenaarde,België,,,,
Q119690392,Edmond Wallays,Person,,Leffinge,België,Q7683408,Maleisië,,,,
Q118792556,Edmund Benedict Hicks,Person,,Emsworth,Verenigd Koninkrijk,Nantes,Frankrijk,,,,
Q122963358,Edouard Amand Justin Marie Neut,Person,,Gent,België,Brugge,België,,,,
Q120442396,Edouard François Huys,Person,,Geluwe,België,Poperinge,België,,,,
Q120721942,Edouard Lietaer,Person,,,,,,,,,
Q115839320,Edouardus Vyncke,Person,,Beveren,België,Kortrijk,België,,,,
Q120550899,Eduard De Jonghe,Person,,Pittem,België,Izegem,België,,,,
Q115839353,Eduard Verraes,Person,,Menen,België,Tielt,België,,,,
Q122963909,Eduardus Edmondus Van Wtberghe,Person,,Poperinge,België,Poperinge,België,,,,
Q2345694,Edward De Gryse,Person,http://commons.wikimedia.org/wiki/Special:FilePath/Edward%20De%20Gryse%20-%20priester-deken%20-%20Kortrijk.jpg,Roeselare,België,Kortrijk,België,,,,
Q115979952,Edward Declercq,Person,,Lauwe,België,Kortrijk,België,,,,
Q2360914,Edward Gailliard,Person,,Brugge,België,Brugge,België,,,,
Q13575404,Edward Van Even,Person,http://commons.wikimedia.org/wiki/Special:FilePath/EdwardVanEven.jpg,Leuven,België,Leuven,België,,,,
Q113925472,Edward Van Robays,Person,,Egem,België,Indië,,,,,
Q110039219,Edward Verschelde,Person,,Otegem,België,Kuurne,België,,,,
Q119217748,Edward Vlietinck,Person,,Oostende,België,Berchem,België,,,,
Q123697088,Edward William Fulker,Person,,"Hawthorn Hill, Berkshire",Verenigd Koninkrijk,East Preston,Verenigd Koninkrijk,,,,
Q116621171,Elisa Robinson,Person,,Londen,Verenigd Koninkrijk,Brugge,België,,,,
Q121078322,Elisabeth Josèphe Thérèse van den Broeck,Person,,Sint-Niklaas,België,Kortrijk,België,,,,
Q116689485,Elisabeth Latham,Person,,Killarney,Ierland,Brugge,België,,,,
Q117229438,Elodie De Beer,Person,,Elene,België,Etterbeek,België,,,,
Q125859018,Elvina Marie Verbeke,Person,,Kortrijk,België,Kortrijk,België,,,,
Q122791049,Emfrentiana De Backere,Person,,Heusden,Nederland,Gent,België,,,,
Q115815852,Emiel De Brabandere,Person,,Tielt,België,Berck,Frankrijk,,,,
Q116679969,Emiel De Visschere,Person,,Ruddervoorde,België,Brugge,België,,,,
Q13576607,Emiel Demonie,Person,,Roeselare,België,Brugge,België,,,,
Q2183646,Emiel Lauwers,Person,http://commons.wikimedia.org/wiki/Special:FilePath/Emiel%20Lauwers%20-%20Kortrijk%20-%20Belgi%C3%AB.jpg,Ingelmunster,België,Kortrijk,België,,,,
Q115835605,Emiel Minne,Person,,Tielt,België,Brugge,België,,,,
Q122915335,Emiel Van Den Berghe,Person,,,,,,,,,
Q115811038,Emile Dambre,Person,,Vlamertinge,België,Oostkamp,België,,,,
Q120900509,Emile Florimond Herman Van Biervliet,Person,,Brugge,België,Mortsel,België,,,,
Q120644522,Emile Henri Adolphe Descamps,Person,,Wormhout,Frankrijk,Groot-Sinten,Frankrijk,,,,
Q115825992,Emile Tillieux,Person,,Kortrijk,België,Ieper,België,,,,
Q115808465,Emile Vandale,Person,,Kortrijk,België,Nottingham,Verenigd Koninkrijk,,,,
Q122831483,Emilie Marie Justine Demonie,Person,,Roeselare,België,Roeselare,België,,,,
Q113486838,Emilie van Outryve d'Ydewalle,Person,,Brugge,België,Marke,België,,,,
Q117227040,Emily Jane Martin,Person,,Londen,Verenigd Koninkrijk,Londen,Verenigd Koninkrijk,,,,
Q117226377,Emma Crombet,Person,,Kortrijk,België,Kortrijk,België,,,,
Q1334711,Emmanuel Hiel,Person,http://commons.wikimedia.org/wiki/Special:FilePath/Hiel%2C%20Emmanuel%20%281834-1899%29%3B%20dichter%20en%20schrijver%2C%20Nauwens%2C%20Joseph%2C%20Felixarchief%2C%2012%2012840.jpg,Sint-Gillis-bij-Dendermonde,België,Schaarbeek,België,,,,
Q1334711,Emmanuel Hiel,Person,http://commons.wikimedia.org/wiki/Special:FilePath/Hiel%2C%20Emmanuel%20%281834-1899%29%3B%20dichter%20en%20schrijver%2C%20Nauwens%2C%20Joseph%2C%20Felixarchief%2C%2012%2012840.jpg,Dendermonde,België,Schaarbeek,België,,,,
Q120855316,Ernest Albin Smith,Person,,Londen,Verenigd Koninkrijk,Brisbane,Australië,,,,
Q125282135,Ernest Edouard Marie Eeman,Person,,,,,,,,,
Q3080591,Ernest Marie Joseph Martin Michel van Caloen,Person,,Loppem,België,Brugge,België,,,,
Q62080181,Ernest Rembry,Person,,Moorsele,België,Brugge,België,,,,
Q125275288,Ernestine De Seille,Person,,Aalter,België,Brugge,België,,,,
Q125352256,Ernestine Francisca Marie Van Langermeersch,Person,,Brugge,België,,,,,,
Q132321245,Esther Martine Eugénie Clémence Marie Ghislaine De Zitter,Person,,Brugge,België,Roeselare,België,,,,
Q42196616,Eugeen de Lepeleer,Person,,Sint-Maria-Oudenhove,België,Gent,België,,,,
Q2546317,Eugeen van Oye,Person,http://commons.wikimedia.org/wiki/Special:FilePath/Eugeen%20van%20Oye%20-%20Statue%20in%20Gistel.jpg,Torhout,België,Gistel,België,,,,
Q57197744,Eugeen-Karel Van Steenkiste,Person,,Brugge,België,Brugge,België,,,,
Q123414143,Eugenie Marie Delbaere,Person,,Ardooie,België,,,,,,
Q120556695,Eugène Charles Jean Valentin de Peñaranda,Person,,Brussel,België,Brugge,België,,,,
Q56036023,Eugène Cortyl,Person,,,,Hazebroek,Frankrijk,,,,
Q123052123,Eugénie Barbe Peel,Person,,Kortrijk,België,Kortrijk,België,,,,
Q116621789,Eugénie De Neve,Person,,Heist,België,Heist,België,,,,
Q115814591,Evarist De Boeck,Person,,Hofstade,België,Eindhout,België,,,,
Q115855636,Febronie Lemettre,Person,,Lendelede,België,Brugge,België,,,,
Q2770967,Felix Achille de Bethune,Person,,Kortrijk,België,Brugge,België,,,,
Q120191174,Felix De Nolf,Person,,,,,,,,,
Q115981938,Felix Degrendel,Person,,Beveren,België,Beveren,België,,,,
Q115838563,Felix Verstraete,Person,,Egem,België,Sint-Kruis,België,,,,
Q2684959,Ferdinand Van de Putte,Person,http://commons.wikimedia.org/wiki/Special:FilePath/Ferdinand%20Van%20de%20Putte.jpg,Rumbeke,België,Kortrijk,België,,,,
Q2065109,Ferdinand Vanderhaeghen,Person,http://commons.wikimedia.org/wiki/Special:FilePath/Ferdinand%20Vander%20Haeghen.jpg,Gent,België,Gent,België,,,,
Q125365215,Flora Maria Mastraeten,Person,,Leuven,België,Kortrijk,België,,,,
Q116660566,Florence Gezelle,Person,http://commons.wikimedia.org/wiki/Special:FilePath/Foto%20van%20Florence%20Gezelle.jpg,Brugge,België,Heule,België,,,,
Q115981931,Florimond Vanden Bulcke,Person,,Sint-Denijs,België,Kuurne,België,,,,
Q116509612,Francesca Christophers,Person,,St Pancras,Verenigd Koninkrijk,Elham,Verenigd Koninkrijk,,,,
Q119039938,Francis Lawrence Weale,Person,,Islington,Verenigd Koninkrijk,Reading,Verenigd Koninkrijk,,,,
Q122964092,Franciscus Augustus Van Wtberghe,Person,,Poperinge,België,Poperinge,België,,,,
Q115811922,Franciscus Benoot,Person,,Meulebeke,België,Kortrijk,België,,,,
Q115982485,Franciscus Boudeweel,Person,,Sint-Lievens-Houtem,België,Kortrijk,België,,,,
Q115831995,Franciscus-Xaverius Ciamberlani,Person,,Münster,Duitsland,Beveren,België,,,,
Q115982545,Franciscus-Xaverius Mervillie,Person,,Wontergem,België,Torhout,België,,,,
Q2361397,Frans De Cort,Person,,Antwerpen,België,Elsene,België,,,,
Q15461013,Frans De Potter,Person,http://commons.wikimedia.org/wiki/Special:FilePath/De%20Potter%20Frans%20070512.png,Gent,België,Gent,België,,,,
Q15956,Frans Schollaert,Person,http://commons.wikimedia.org/wiki/Special:FilePath/Frans%20Schollaert.jpg,Wilsele,België,Sainte-Adresse,Frankrijk,,,,
Q121078001,Frans Verbeke,Person,,Sint-Eloois-Vijve,België,Vancouver,Canada,,,,
Q120913841,François Auguste Van Costenoble,Person,,Belle,Frankrijk,Vleteren,Frankrijk,,,,
Q120504176,François De Brouwer,Person,,Brugge,België,Maredsous,België,,,,
Q136735429,François Joseph Brondel,Person,,Brugge,België,Brugge,België,,,,
Q1894475,François Van den Abeele,Person,,Brugge,België,Brugge,België,,,,
Q1286149,Frederick William Faber,Person,http://commons.wikimedia.org/wiki/Special:FilePath/Frederick%20William%20Faber.jpg,Calverley,Verenigd Koninkrijk,Londen,Verenigd Koninkrijk,,,,
Q42596,Frédéric Mistral,Person,http://commons.wikimedia.org/wiki/Special:FilePath/Frederic%20Mistral%20portrait%20photo.jpg,Maillane,Frankrijk,Maillane,Frankrijk,,,,
Q122754021,Félicie Marie Heldenbergh,Person,,Kortrijk,België,Kortrijk,België,,,,
Q125351679,Félix Pierre Victor Raikem,Person,,Luik,België,Parijs,Frankrijk,,,,
Q122971209,George Parker,Person,,,,Oxford,Verenigd Koninkrijk,,,,
Q119796023,Georges Vincent Eugène Louis Beyaert,Person,,Kortrijk,België,Kortrijk,België,,,,
Q118725738,Georges William Gadd,Person,,Salford,Verenigd Koninkrijk,Zanesville,Verenigde Staten,,,,
Q118189985,Georgina Coxon,Person,,Killarney,Ierland,Brugge,België,,,,
Q2606766,Gerard van Caloen,Person,http://commons.wikimedia.org/wiki/Special:FilePath/G%C3%A9rard%20van%20Caloen%20%28detail%29.jpg,Loppem,België,Antibes,Frankrijk,,,,
Q2319173,Gerrit Jacob Boekenoogen,Person,http://commons.wikimedia.org/wiki/Special:FilePath/BoekenoogenGJ.jpg,Wormerveer,Nederland,Leiden,Nederland,,,,
Q116460145,Gerrit Pieter Roos,Person,,Aardenburg,Nederland,Croix,Frankrijk,,,,
Q122842009,Grace Sherrington,Person,,Preston,Verenigd Koninkrijk,,,,,,
Q115844439,Gustaaf Carton,Person,,Wingene,België,Wingene,België,,,,
Q115813555,Gustaaf Janssens,Person,,Mechelen,België,Brussel,België,,,,
Q115835763,Gustaaf Van de Putte,Person,,Izegem,België,Ardooie,België,,,,
Q122872984,Gustaaf Verheust-Dekeyser,Person,,Izegem,België,Rochester,Verenigde Staten,,,,
Q2190493,Gustaaf Verriest,Person,http://commons.wikimedia.org/wiki/Special:FilePath/Gustaaf%20Louise%20Oda%20Hugo%20Verriest%20in%201861.jpg,Deerlijk,België,Saint-Cloud,Frankrijk,,,,
Q115837646,Gustaf François Marie Van Mullem,Person,,Sijsele,België,Assebroek,België,,,,
Q115838249,Gustaf Vandendries,Person,,Veurne,België,Outrijve,België,,,,
Q115818541,Gustave Delescluze,Person,,Brugge,België,Kortrijk,België,,,,
Q2496044,Gustave Henri Flamen,Person,,Brussel,België,Brugge,België,,,,
Q2191260,Gustave Waffelaert,Person,http://commons.wikimedia.org/wiki/Special:FilePath/Gustaaf%20Jozef%20Waffelaert%20-%2022ste%20bisschop%20van%20Brugge%20-%20Belgi%C3%AB.jpg,Rollegem,België,Brugge,België,,,,
Q122971559,Gustavus Henricus Jochem,Person,,Tielt,België,Geluwe,België,,,,
Q125541827,Heinrich Hubert Schmitz,Person,,Bonn,Duitsland,,,,,,
Q116508871,Helena Amelia Walton,Person,,Londen,Verenigd Koninkrijk,Engeland,Verenigd Koninkrijk,,,,
Q125360612,Heloise Geneviève Gruselle,Person,,,,,,,,,
Q119794240,Hendrik Berghman,Person,,Ieper,België,Dundalk,Ierland,,,,
Q87648661,Hendrik Brinck,Person,,Brussel,België,Kortrijk,België,,,,
Q119860278,Hendrik Claes,Person,,Antwerpen,België,Antwerpen,België,,,,
Q378133,Hendrik Conscience,Person,http://commons.wikimedia.org/wiki/Special:FilePath/Hendrik%20Conscience.jpg,Antwerpen,België,Elsene,België,,,,
Q136760074,Hendrik Depoorter,Person,,Emelgem,België,Sint-Kruis,België,,,,
Q120377148,Hendrik Dobbelaere,Person,,Lo,België,Lo,België,,,,
Q113627806,Hendrik Karel Van Doorne,Person,,Poeke,België,Poeke,België,,,,
Q571426,Hendrik Kern,Person,http://commons.wikimedia.org/wiki/Special:FilePath/Johan%20Hendrik%20Caspar%20Kern.jpg,Purworejo,Indonesië,Utrecht,Nederland,,,,
Q115815004,Hendrik Mortier,Person,,Ieper,België,Kortrijk,België,,,,
Q114081509,Hendrik Persyn,Person,,Wingene,België,Wingene,België,,,,
Q11029222,Hendrik Pickery,Person,http://commons.wikimedia.org/wiki/Special:FilePath/Hendrik%20Pickery%20gedenkteken%20R03.jpg,Brugge,België,Brugge,België,,,,
Q115840228,Hendrik Prévost,Person,,Sint-Winoksbergen,Frankrijk,Kortrijk,België,,,,
Q94896539,Hendrik Q. Janssen,Person,,Sint Anna ter Muiden,Nederland,Goes,Nederland,,,,
Q3431564,Hendrik Sermon,Person,,Sint-Pieters-Leeuw,België,Borgerhout,België,,,,
Q115840173,Hendrik Van Witberghe,Person,,Izegem,België,Gent,België,,,,
Q115839965,Hendrik Vandendriessche,Person,,Otegem,België,Aalbeke,België,,,,
Q123416074,Henri Delbaere,Person,,Ingooigem,België,Danville,Verenigde Staten,,,,
Q110039252,Henri Delbar,Person,,Moeskroen,België,Menen,België,,,,
Q123717111,Henri Dufour,Person,,Pittem,België,Brugge,België,,,,
Q115834868,Henri Louis Joseph Messiaen,Person,,Ten Brielen,België,Westkerke,België,,,,
Q3346571,Henri Nolf,Person,,,,,,,,,
Q3032807,Henri Rommel,Person,,Rumbeke,België,Brugge,België,,,,
Q125559890,Henri Van De Wattyne,Person,,Biervliet,Nederland,Gent,België,,,,
Q115827696,Henricus Blancke,Person,,Wontergem,België,Gent,België,,,,
Q115979994,Henricus De Badts,Person,,Poperinge,België,Dudzele,België,,,,
Q125246358,Henricus De Vriese,Person,,Wingene,België,Wingene,België,,,,
Q120199426,Henry Edwin Harford,Person,,Manchester,Verenigd Koninkrijk,Londen,Verenigd Koninkrijk,,,,
Q1978131,Hilaris Allaeys,Person,,Woesten,België,Antwerpen,België,,,,
Q28973684,Hippoliet Haerynck,Person,,Keiem,België,Vorst,België,,,,
Q119625198,Hippoliet Verhulst,Person,,,,,,,,,
Q115982426,Honoratus Van Wezemael,Person,,Sinaai,België,Gent,België,,,,
Q115821479,Honoré Cardoen,Person,,Wervik,België,Spiere,België,,,,
Q118732552,Hortense Delbaere,Person,,Aalbeke,België,Kortrijk,België,,,,
Q117244596,Hortense Gezelle,Person,http://commons.wikimedia.org/wiki/Special:FilePath/Foto%20van%20Hortense%20Gezelle.jpg,Brugge,België,Loppem,België,,,,
Q981444,Hugo Verriest,Person,http://commons.wikimedia.org/wiki/Special:FilePath/HugoVerriest.jpg,Deerlijk,België,Ingooigem,België,,,,
Q117264774,Hélène Janssens,Person,,Sint-Niklaas,België,Brugge,België,,,,
Q5983066,Ian Theodor Beelen,Person,,Amsterdam,Nederland,Leuven,België,,,,
Q55672664,Ignace de Coussemaker,Person,,Belle,Frankrijk,Belle,Frankrijk,,,,
Q129069726,Isabelle Marie de Proli,Person,,Essen,België,Kortrijk,België,,,,
Q115818849,Isidoor Hemeryck,Person,,Beveren,België,Leuven,België,,,,
Q2627945,Isidoor Teirlinck,Person,,Zegelsem,België,Vorst,België,,,,
Q115827506,Isidoor Van Cleemput,Person,,Waasmunster,België,Meigem,België,,,,
Q115980044,Isidoor Verdoodt,Person,,Opwijk,België,Mortsel,België,,,,
Q115982548,Isidorus Fraeys,Person,,Roeselare,België,Aarsele,België,,,,
Q20604626,J.H.J. van Wageningen thoe Dekema,Person,http://commons.wikimedia.org/wiki/Special:FilePath/Jan%20van%20Wageningen%20thoe%20Dekema.jpg,Leeuwarden,Nederland,Jelsum,Nederland,,,,
Q110039260,Jacob Lenaerts,Person,,Zonhoven,België,Landen,België,,,,
Q961180,Jacob Verdam,Person,http://commons.wikimedia.org/wiki/Special:FilePath/Portret%20van%20Jacob%20Verdam%2C%20hoogleraar%20Nederlandse%20Taal%20te%20Leiden%20Icones%20298.tiff,Amsterdam,Nederland,Leiden,Nederland,,,,
Q43129301,Jacobus Augustinus de Rijk,Person,,Hilversum,Nederland,,,,,,
Q115839946,Jacobus Vanden Berghe,Person,,Heule,België,Heule,België,,,,
Q45029767,Jakob Muyldermans,Person,,Oksdonk,België,Mechelen,België,,,,
Q2424814,Jan Baptist David,Person,http://commons.wikimedia.org/wiki/Special:FilePath/Jan%20Baptist%20David%20-%20lithograph%20by%20Louis%20Tuerlinckx.jpg,Lier,België,Leuven,België,,,,
Q42853596,Jan Baptist Vervliet,Person,,,,,,,,,
Q1920135,Jan Bols,Person,http://commons.wikimedia.org/wiki/Special:FilePath/Jan%20Bols%2C%20borststuk%20door%20E.%20Fabronius.tif,Werchter,België,Aarschot,België,,,,
Q37766220,Jan Broeckaert,Person,,Wetteren,België,Dendermonde,België,,,,
Q110039159,Jan Craeynest,Person,,Oostrozebeke,België,Sint-Michiels,België,,,,
Q120176244,Jan De Neve,Person,,Heist,België,Glasgow,Verenigd Koninkrijk,,,,
Q136805839,Jan Ferdinand Tuerlinckx,Person,,Glabbeek,België,Aarschot,België,,,,
Q2266893,Jan Ferguut,Person,,Sint-Amands,België,Schaarbeek,België,,,,
Q120493880,Jan Frans De Block,Person,,Puurs,België,Puurs,België,,,,
Q120727152,Jan Hendrik Loosveldt,Person,,Tielt,België,Tielt,België,,,,
Q329468,Jan Nolet de Brauwere van Steeland,Person,http://commons.wikimedia.org/wiki/Special:FilePath/Portret%20van%20Jan%20Nolet%20de%20Brauwere%20van%20Steeland%2C%20RP-P-1906-1206.jpg,Rotterdam,Nederland,Vilvoorde,België,,,,
Q975292,Jan Van Beers,Person,http://commons.wikimedia.org/wiki/Special:FilePath/Jan%20Van%20Beers.jpg,Antwerpen,België,Antwerpen,België,,,,
Q23895006,Jan Willem Brouwers,Person,http://commons.wikimedia.org/wiki/Special:FilePath/Jan%20Willem%20Brouwers%20%281831-1893%29%2C%20gravure%20J.%20Walter%20%28coll.%20Catharijne%20Convent%29.jpg,Margraten,Nederland,Maastricht,Nederland,,,,
Q119011751,Jan van Damme,Person,,Kortrijk,België,Brugge,België,,,,
Q3171149,Jean Casier,Person,http://commons.wikimedia.org/wiki/Special:FilePath/Portret%20van%20Jean%20Casier%201880%20barcode%20910000105033.jpg,Gent,België,Gent,België,,,,
Q7190386,Jean Joseph Loiseaux,Person,,Bergen,België,Brugge,België,,,,
Q113731929,Jean Scherpereel,Person,,Oostnieuwkerke,België,Brugge,België,,,,
Q2163210,Jean van Ruymbeke,Person,,Kortrijk,België,Oedelem,België,,,,
Q3163681,Jean-Aloys Van Steenkiste,Person,,Rumbeke,België,Brugge,België,,,,
Q354052,Jean-Baptiste Bethune,Person,http://commons.wikimedia.org/wiki/Special:FilePath/JBBethune%20par%20Raoux.jpg,Kortrijk,België,Marke,België,,,,
Q3164253,Jean-Baptiste Malou,Person,http://commons.wikimedia.org/wiki/Special:FilePath/Joannes%20Baptista%20Malou%20-%20Bishop%20of%20Bruges.jpg,Ieper,België,Brugge,België,,,,
Q2672741,Jean-Baptiste de Bethune jr.,Person,,Brugge,België,Heestert,België,,,,
Q122854006,Jeanne Marie Emilie Colette Ghislaine de Bethune,Person,,Oostrozebeke,België,Linden,België,,,,
Q125257816,Jeannette Marie Rosseeuw,Person,,Kortrijk,België,Izegem,België,,,,
Q116508494,Jemima Stroud,Person,,Brentford,Verenigd Koninkrijk,Devizes,Verenigd Koninkrijk,,,,
Q2181847,Jeroom Noterdaeme,Person,,Lo,België,Sint-Andries,België,,,,
Q115838569,Jerôme Vervaeke,Person,,Koekelare,België,Tielt,België,,,,
Q118495679,Joannes Alberdingk,Person,,Amsterdam,Nederland,Amsterdam,Nederland,,,,
Q115980136,Joannes Catulle,Person,,Ingelmunster,België,Brussel,België,,,,
Q123689724,Joannes De Neve,Person,,Evergem,België,Lier,België,,,,
Q115834873,Joannes Spillemaeckers,Person,,Boom,België,Overijse,België,,,,
Q115839975,Joannes Vandenweghe,Person,,Ledegem,België,Houtem,België,,,,
Q3067739,Joaquim Rubió i Ors,Person,http://commons.wikimedia.org/wiki/Special:FilePath/Rubio%20i%20ors.jpg,Barcelona,Spanje,Barcelona,Spanje,,,,
Q3531475,Johan De Stoop,Person,,Brugge,België,Roeselare,België,,,,
Q3166510,Johan Joseph Faict,Person,http://commons.wikimedia.org/wiki/Special:FilePath/Brugge%20-%20Bisschop%20Faict%20%281864-1894%29%20-%20Brugge%20-%20Belgi%C3%AB.jpg,Leffinge,België,Brugge,België,,,,
Q2491266,Johan Winkler,Person,http://commons.wikimedia.org/wiki/Special:FilePath/Johan%20Winkler.jpg,Leeuwarden,Nederland,Haarlem,Nederland,,,,
Q21549953,Johannes Franck,Person,,Bendorf,Duitsland,Bonn,Duitsland,,,,
Q120733873,Johannes-Désiré Minnaert,Person,,Ursel,België,Tielt,België,,,,
Q120491424,John Crawley,Person,,,,,,,,,
Q119007176,John Joseph Peter Ross,Person,,Brompton,Verenigd Koninkrijk,Londen,Verenigd Koninkrijk,,,,
Q76019711,Jonathan Henry Woodward,Person,,County Cavan,Ierland,Elham,Verenigd Koninkrijk,,,,
Q1978794,Joseph Alberdingk Thijm,Person,http://commons.wikimedia.org/wiki/Special:FilePath/Josephus%20Alberdingk%20Thijm%20portret%20%281864-1889%29.png,Amsterdam,Nederland,Amsterdam,Nederland,,,,
Q115820195,Joseph Axters,Person,,Brugge,België,Gent,België,,,,
Q119701807,Joseph Cox Algar,Person,,Bristol,Verenigd Koninkrijk,Roeselare,België,,,,
Q115806424,Joseph Devos,Person,,Heule,België,Ieper,België,,,,
Q115831509,Joseph Gezelle,Person,,Brugge,België,Stene,België,,,,
Q61506427,Joseph Herreboudt,Person,,Brugge,België,Stedelijk gebied Brussel,België,,,,
Q121002664,Joseph Karel Lodewijk Van Impe,Person,,Mere,België,Berlare,België,,,,
Q119041487,Joseph Louis Van Heede,Person,,Brugge,België,,,,,,
Q1707941,Joseph Ryelandt,Person,http://commons.wikimedia.org/wiki/Special:FilePath/Joseph%20Ryelandt.jpg,Brugge,België,Brugge,België,,,,
Q115811334,Joseph Samyn,Person,,Tielt,België,Westouter,België,,,,
Q119013626,Joseph Van Damme,Person,,Brugge,België,,,,,,
Q3185717,Joseph Van den Gheyn,Person,http://commons.wikimedia.org/wiki/Special:FilePath/Joseph%20van%20den%20Gheyn%20%281854-1913%29.jpg,Gent,België,Brussel,België,,,,
Q2306925,Joseph-Olivier Andries,Person,http://commons.wikimedia.org/wiki/Special:FilePath/J%20O%20Andries%201836.jpg,Ruddervoorde,België,Brugge,België,,,,
Q115809938,Josephus Charle,Person,,Aalbeke,België,Ieper,België,,,,
Q123055332,Jozef Bahri,Person,,,,,,,,,
Q55770641,Jozef Gezelle,Person,,Brugge,België,Moen,België,,,,
Q115818649,Jozef Roggeman,Person,,Wichelen,België,Dendermonde,België,,,,
Q115836535,Jozef Van Damme,Person,,Kortrijk,België,Kinshasa,Congo-Kinshasa,,,,
Q120999228,Jozef Van Heffen,Person,,Sint-Pieters-Leeuw,België,Brugge,België,,,,
Q122872579,Jules Alphonse Marie Ghislain Verest,Person,,Rupelmonde,België,Gent,België,,,,
Q120552708,Jules De Meester,Person,,Roeselare,België,Wetteren,België,,,,
Q115813874,Jules François De Lorge,Person,,Avelgem,België,Sint-Joris,België,,,,
Q125491053,Jules Huysentruyt,Person,,Gullegem,België,Wevelgem,België,,,,
Q115806479,Jules Joye,Person,,Pittem,België,Poperinge,België,,,,
Q2677198,Jules Lagae,Person,http://commons.wikimedia.org/wiki/Special:FilePath/Jules%20Lagae%20%281862-1931%29.jpg,Roeselare,België,Brugge,België,,,,
Q17428533,Jules Lammens,Person,,Gent,België,Gent,België,,,,
Q115832532,Jules Perquy,Person,,Brugge,België,Leuven,België,,,,
Q120829902,Jules Roose,Person,,Oostnieuwkerke,België,Oostnieuwkerke,België,,,,
Q721772,Jules Vandenpeereboom,Person,http://commons.wikimedia.org/wiki/Special:FilePath/Jules%20van%20den%20Peereboom.jpg,Kortrijk,België,Anderlecht,België,,,,
Q115846413,Julia Van Renterghem,Person,,Moorslede,België,Brugge,België,,,,
Q101627274,Juliaan Claerhout,Person,,Wielsbeke,België,Kaster,België,,,,
Q115821474,Juliaan Fové,Person,,Gistel,België,Kortrijk,België,,,,
Q125341815,Juliana Decloedt,Person,,Oedelem,België,Kortrijk,België,,,,
Q126734623,Juliana Spriet,Person,,Wingene,België,Wingene,België,,,,
Q119797432,Julianus Maria Isidorus Blancke,Person,,Dadizele,België,Dadizele,België,,,,
Q125359350,Julie Lievrouw,Person,,Wontergem,België,Brugge,België,,,,
Q125353522,Julie Romanie Verbauwhede,Person,,Waregem,België,Waregem,België,,,,
Q120729903,Julien Maurus,Person,,Oostende,België,Pilling,Verenigd Koninkrijk,,,,
Q116620937,Julienne Elise Van De Wiele,Person,,Kortrijk,België,Kortrijk,België,,,,
Q115841074,Julius Bouten,Person,,Antwerpen,België,Ramsel,België,,,,
Q120489194,Julius Burrick,Person,,Waregem,België,New York,Verenigde Staten,,,,
Q55420570,Julius Leroy,Person,,Roesbrugge-Haringe,België,Veurne,België,,,,
Q55232762,Julius Obrie,Person,,Gent,België,Gent,België,,,,
Q123741345,Julius Pieter Lodewijk Vantomme,Person,,Deerlijk,België,Kortrijk,België,,,,
Q116508893,Justine Van De Velde,Person,http://commons.wikimedia.org/wiki/Special:FilePath/Bidprentje%20Justine%20Van%20de%20Velde.jpg,Evergem,België,Poeke,België,,,,
Q111342238,Karel Beyaert,Person,,Brugge,België,Brugge,België,,,,
Q1950196,Karel Callebert,Person,,Roeselare,België,Blankenberge,België,,,,
Q115979996,Karel De Backer,Person,,Meulebeke,België,Blankenberge,België,,,,
Q2617184,Karel De Flou,Person,,Brugge,België,Brugge,België,,,,
Q115831295,Karel Foulon,Person,,Heule,België,Sint-Denijs,België,,,,
Q970833,Karel Frans Stallaert,Person,http://commons.wikimedia.org/wiki/Special:FilePath/KarelFransStallaert.jpg,Merchtem,België,Schaarbeek,België,,,,
Q970833,Karel Frans Stallaert,Person,http://commons.wikimedia.org/wiki/Special:FilePath/KarelFransStallaert.jpg,Merchtem,België,Everberg,België,,,,
Q41885755,Karel Heynderickx,Person,,Sint-Niklaas,België,Doesburg,Nederland,,,,
Q115819088,Karel Legein,Person,,Roeselare,België,Roeselare,België,,,,
Q119041387,Karel Lodewijk Van Raes,Person,,Geluwe,België,Hoboken,België,,,,
Q111336261,Karel Van De Vyvere,Person,,Tielt,België,Brugge,België,,,,
Q2542423,Karel de Gheldere,Person,,Torhout,België,Koekelare,België,,,,
Q123416923,Katarina Vanhoenacker,Person,,Sint-Denijs,België,Kortrijk,België,,,,
Q118289639,Katharine Woodlock,Person,,Dublin,Ierland,Bath,Verenigd Koninkrijk,,,,
Q123050974,Katherine Wharton,Person,,Beverley,Verenigd Koninkrijk,,,,,,
Q119224999,Laura Perkins,Person,,,,,,,,,
Q115821481,Laurentius Dehulster,Person,,Roeselare,België,Brugge,België,,,,
Q120472271,Lawrence Toole,Person,,Liverpool,Verenigd Koninkrijk,Manchester,Verenigd Koninkrijk,,,,
Q118555164,Leo Lodewijk Hubert Simons,Person,,Roermond,Nederland,,,,,,
Q115836854,Leo Vandorpe,Person,,Zevekote,België,Rollegem-Kapelle,België,,,,
Q119040262,Leon Auguste Joseph Marie Verhoef,Person,,Brugge,België,Brugge,België,,,,
Q115818781,Leon Verwilghen,Person,,,,,,,,,
Q2779054,Leonard Lodewijk De Bo,Person,http://commons.wikimedia.org/wiki/Special:FilePath/Leonard%20Lodewijk%20De%20Bo.jpg,Beveren,België,Poperinge,België,,,,
Q115835156,Leonardus Lootens,Person,,Anzegem,België,Lichtervelde,België,,,,
Q110039170,Leonardus Nuttin,Person,,Wevelgem,België,Zarren,België,,,,
Q115844668,Leonardus Vandemaele,Person,,Tielt,België,Hooglede,België,,,,
Q123050504,Leonida Euphrasia Demonie,Person,,Aarsele,België,,,,,,
Q116687356,Leonie Manceau,Person,,Torhout,België,,,,,,
Q131957313,Leonie Sophie Marie De Ketelaere,Person,,Assebroek,België,,,,,,
Q125516501,Leopold Josephus Marie Nobels,Person,,,,,,,,,
Q118998340,Leopold Pycke,Person,,Sint-Kornelis-Horebeke,België,Highbury,Verenigd Koninkrijk,,,,
Q2619202,Leopold Slosse,Person,,Marke,België,Rumbeke,België,,,,
Q114945031,Livinus Bruneel,Person,,Poperinge,België,Brugge,België,,,,
Q28973666,Lodewijk Roersch,Person,,Maastricht,Nederland,Luik,België,,,,
Q13769746,Lodewijk Scharpé,Person,http://commons.wikimedia.org/wiki/Special:FilePath/GlasraamLodewijkScharpe.jpg,Tielt,België,Betekom,België,,,,
Q2426280,Lodewijk Van Haecke,Person,http://commons.wikimedia.org/wiki/Special:FilePath/Portret%20van%20pastoor%20L.%20Van%20Haecke%2C%201897%2C%20Groeningemuseum%2C%200040504000.jpg,Brugge,België,Brugge,België,,,,
Q56036067,Lodewijk Willem Schuermans,Person,,Kampenhout,België,Wilsele,België,,,,
Q119794988,Louis Beyaert-Defoort,Person,,,,,,,,,
Q86735347,Louis David Petit,Person,,Amsterdam,Nederland,Leiden,Nederland,,,,
Q118120903,Louis De Plancke,Person,,Brugge,België,Brugge,België,,,,
Q2134167,Louis Gilliodts,Person,,Brugge,België,Brugge,België,,,,
Q115818009,Louis Goormachtigh,Person,,Dottenijs,België,Heule,België,,,,
Q119003821,Louis Judocus Rooms,Person,,Heusden,België,Oudenaarde,België,,,,
Q119627464,Louis Lorthioir,Person,,,,,,,,,
Q125819387,Louis Vander Heyde,Person,,Alveringem,België,Poperinge,België,,,,
Q115837633,Louis Vanheule,Person,,Halewijn,Frankrijk,Komen,België,,,,
Q121078208,Louis Vercruysse,Person,,Kortrijk,België,Kortrijk,België,,,,
Q119637011,Louis Wallays,Person,,,,,,,,,
Q125351404,Louisa Maria Anna Verdbois,Person,,Bouillon,België,Kortrijk,België,,,,
Q128904091,Louise Adèle Pauline Van Brabant,Person,,Duinkerke,Frankrijk,Menen,België,,,,
Q20902162,Louise Gezelle,Person,http://commons.wikimedia.org/wiki/Special:FilePath/Foto%20van%20Louise%20Gezelle%20en%20Stijn%20Streuvels.jpg,Brugge,België,Steenbrugge,België,,,,
Q115835025,Louise Joséphine Doyen,Person,,Oostende,België,Brugge,België,,,,
Q117246781,Louise Sidonie Vervaet,Person,,Sint-Margriete,België,Biervliet,Nederland,,,,
Q120855780,Lucy Weguelin,Person,,Brighton,Verenigd Koninkrijk,Bath,Verenigd Koninkrijk,,,,
Q1851297,Léon van Ockerhout,Person,,Brugge,België,Loppem,België,,,,
Q117227189,Léonie Pauline Marie Bersou,Person,,Kortrijk,België,,,,,,
Q64727835,Macarios Haddad,Person,,,,,,,,,
Q37793252,Marcel Provence,Person,,Marseille,Frankrijk,Aix-en-Provence,Frankrijk,,,,
Q118175361,Marcel Van Dromme,Person,,Westouter,België,Lo,België,,,,
Q116688354,Margareta Laura Augusta Lassence,Person,,Luik,België,,,,,,
Q116621811,Marguerite Marie Josephine Sonck,Person,,Denderleeuw,België,Willemstad,Curaçao,,,,
Q116621725,Maria Constantia Gezelle,Person,,Heule,België,Heule,België,,,,
Q116620833,Maria De Bo,Person,,Beveren,België,,,,,,
Q128034737,Maria Euphemia Verbanck,Person,,Zarren,België,Kortrijk,België,,,,
Q125342034,Maria Helena Pieters,Person,,Reninge,België,Reninge,België,,,,
Q122798023,Maria Ida Jacobina Daerden,Person,,Tongeren,België,Kortrijk,België,,,,
Q122790642,Maria Joanna Maes,Person,,Zwevegem,België,Brugge,België,,,,
Q116621244,Maria Josepha Augusta Van Doorne,Person,,Poeke,België,Meulebeke,België,,,,
Q116659577,Maria Josepha Gezelle,Person,,Heule,België,Heule,België,,,,
Q123414712,Maria Juliana Lucia Delbaere,Person,,Ingooigem,België,Brugge,België,,,,
Q117265039,Maria Ludovica Charlotta Lauwers,Person,,Ingelmunster,België,,,,,,
Q116621699,Maria Magdalena Gezelle,Person,http://commons.wikimedia.org/wiki/Special:FilePath/Foto%20Philomena%20De%20Smet%2C%20Maria%20Gezelle%20en%20Hortense%20Gezelle%20%28cropped%29.jpg,Brugge,België,Loppem,België,,,,
Q117229566,Maria Philomena D'Hondt,Person,,Gent,België,Kortrijk,België,,,,
Q117244772,Marie Antoinette Descamps,Person,,Harelbeke,België,Kortrijk,België,,,,
Q125257556,Marie Bert,Person,,Gent,België,Gent,België,,,,
Q123554207,Marie Colette Joséphine Caïmo,Person,,Schelle,België,Oostkamp,België,,,,
Q116672748,Marie Elise Amandine Lateur,Person,http://commons.wikimedia.org/wiki/Special:FilePath/Foto%20Caesar%20Gezelle%2C%20Philomena%20De%20Smet%20en%20Elisa%20Lateur.jpg,Roubaix,Frankrijk,Machelen,België,,,,
Q131928167,Marie Flore Joseph Goemaere,Person,,Kortrijk,België,,,,,,
Q123606015,Marie Julie Eugénie Goddyn,Person,,Sint-Joost-ten-Node,België,Ukkel,België,,,,
Q129072389,Marie Mélanie Jeanne Vanackere,Person,,Menen,België,,,,,,
Q125359798,Marie Philomene Van Walleghem,Person,,Meulebeke,België,,,,,,
Q125334130,Marie Sophie Devys,Person,,Kortrijk,België,Kortrijk,België,,,,
Q123399726,Marie Sophie Joséphine Delva,Person,http://commons.wikimedia.org/wiki/Special:FilePath/Foto%20Marie%20Sophie%20Bruneel-Delva.jpg,Kortrijk,België,Ieper,België,,,,
Q122794969,Marie Stéphanie Vantomme,Person,,Kuurne,België,,,,,,
Q128903989,Marie Thérèse Joseph Anne Louise Julie Flore Clotilde Roels,Person,,Brugge,België,,,,,,
Q122753360,Marie-Antoinette Pollenus,Person,,Hasselt,België,Gent,België,,,,
Q116509131,Marie-Sophie Deschryver,Person,,Wervik,België,Rijsel,Frankrijk,,,,
Q125361599,Marion Violet Thomas,Person,,Norfolk,Verenigd Koninkrijk,Brugge,België,,,,
Q119217815,Martinus Coune,Person,,Veulen,België,Veulen,België,,,,
Q116510958,Mary Ann F. Andrewes,Person,,Brentford,Verenigd Koninkrijk,Kingston upon Thames,Verenigd Koninkrijk,,,,
Q117246934,Mary Ann Walton,Person,,Londen,Verenigd Koninkrijk,New York,Verenigde Staten,,,,
Q116510998,Mary Anne Macdaniel,Person,,Londen,Verenigd Koninkrijk,,,,,,
Q125357784,Mary Catherine Cole,Person,,Bristol,Verenigd Koninkrijk,Gent,België,,,,
Q75320316,Mary Constantia Clifford,Person,http://commons.wikimedia.org/wiki/Special:FilePath/Foto%20Mary%20Clifford.jpg,Devon,Verenigd Koninkrijk,Warwick,Verenigd Koninkrijk,,,,
Q122780659,Mary Elizabeth Johnson,Person,,Q1425428,Verenigd Koninkrijk,,,,,,
Q75279907,Mary Isabel Lucy Dormer,Person,,Warwick,Verenigd Koninkrijk,Q67574558,Verenigd Koninkrijk,,,,
Q122842204,Mary Louisa Farbrother,Person,,Oxford,Verenigd Koninkrijk,Londen,Verenigd Koninkrijk,,,,
Q116621328,Mary Lucy Vavasour,Person,,Yorkshire,Verenigd Koninkrijk,Hammersmith,Verenigd Koninkrijk,,,,
Q116621363,Mary Margaret Weale,Person,,Brugge,België,Londen,Verenigd Koninkrijk,,,,
Q116621552,Mathilde Catteeuw,Person,http://commons.wikimedia.org/wiki/Special:FilePath/Doodsprentje%20Mathilde%20Catteeuw.tif,Kortrijk,België,Kortrijk,België,,,,
Q115852702,Mathilde Germonprez,Person,,Nukerke,België,Staden,België,,,,
Q125365471,Mathilde Jeanne Marie de Robiano,Person,,Rumillies,België,Rumillies,België,,,,
Q123050722,Mathilde Sophie Theresia Renodeyn,Person,,Brugge,België,Brugge,België,,,,
Q75320317,Maurice Denis Kavanagh,Person,,Penzance,Verenigd Koninkrijk,Prestwich,Verenigd Koninkrijk,,,,
Q121053317,Maurice Vander Haeghen,Person,,Gent,België,Gent,België,,,,
Q2413334,Max Rooses,Person,http://commons.wikimedia.org/wiki/Special:FilePath/Max%20Rooses.jpg,Antwerpen,België,Antwerpen,België,,,,
Q125559455,Medardus Van De Poele,Person,,Brugge,België,Sint-Omaars,Frankrijk,,,,
Q118612085,Michael Buckley,Person,,Cahir,Ierland,Youghal,Ierland,,,,
Q115826199,Modest Delplace,Person,,Torhout,België,Brugge,België,,,,
Q15982597,Monica De Vriese,Person,http://commons.wikimedia.org/wiki/Special:FilePath/Bidprentje%20Monica%20De%20Vriese.jpg,Wingene,België,Heule,België,,,,
Q18655152,Napoleon de Pauw,Person,http://commons.wikimedia.org/wiki/Special:FilePath/NapoleonDePauw.jpg,Gent,België,Gent,België,,,,
Q672816,Nicholas Wiseman,Person,http://commons.wikimedia.org/wiki/Special:FilePath/Wiseman.jpg,Sevilla,Spanje,Londen,Verenigd Koninkrijk,,,,
Q116621407,Octavie Petyt,Person,,Brugge,België,Brugge,België,,,,
Q122833200,Octavie Van Gillewe,Person,,Zarren,België,Kortrijk,België,,,,
Q115831919,Octavus D'Hooghe,Person,,Wichelen,België,Zele,België,,,,
Q129121545,Oda Verriest,Person,,Deerlijk,België,Westerlo,België,,,,
Q123742237,Odilon Van Den Berghe,Person,,,,,,,,,
Q120920666,P. F. Van De Meulebroucke,Person,,Berchem,België,Berchem,België,,,,
Q125538145,Patrick Joseph Ryan,Person,,,,Clonegal,Ierland,,,,
Q784390,Paul Alberdingk Thijm,Person,http://commons.wikimedia.org/wiki/Special:FilePath/Portret%20van%20Paul%20Alberdingk%20Thijm.jpg,Amsterdam,Nederland,Leuven,België,,,,
Q784390,Paul Alberdingk Thijm,Person,http://commons.wikimedia.org/wiki/Special:FilePath/Portret%20van%20Paul%20Alberdingk%20Thijm.jpg,Amsterdam,Nederland,Kessel-Lo,België,,,,
Q1896762,Paul Kiroul,Person,,Berchem,België,Sint-Andries,België,,,,
Q122987963,Paul Van Dorpe,Person,,Eine,België,Oudenaarde,België,,,,
Q122801530,Pauline Rosalie Bruneel,Person,,Torhout,België,Torhout,België,,,,
Q131928133,Pelagie Vuylsteke,Person,,Poelkapelle,België,Kortrijk,België,,,,
Q56036064,Peter Jozef Scherpenseel,Person,,Schinveld,Nederland,Schaarbeek,België,,,,
Q136703696,Petrus Alfons Beelaert,Person,,Bachte-Maria-Leerne,België,Sint-Pauwels,België,,,,
Q136703696,Petrus Alfons Beelaert,Person,,Bachte-Maria-Leerne,België,Vrasene,België,,,,
Q115979048,Petrus Baelden,Person,,Houtem,België,Nieuwkerke,België,,,,
Q115819139,Petrus De Smedt,Person,,Mazenzele,België,Sint-Joost-ten-Node,België,,,,
Q120973922,Petrus Josephus Maria Van Doorne,Person,,,,,,,,,
Q120333083,Petrus Ludovicus Dessein,Person,,Wervik,België,Brugge,België,,,,
Q18415039,Philippe Van der Haeghen,Person,,Brussel,België,Parijs,Frankrijk,,,,
Q117244643,Philomena De Smet,Person,,Sint-Lievens-Houtem,België,Brugge,België,,,,
Q125257906,Pierre Joseph Deraedt,Person,,,,,,,,,
Q118732528,Pierre Laigneil,Person,,Roeselare,België,Kortrijk,België,,,,
Q28584401,Pierre Nicolas Croquison,Person,http://commons.wikimedia.org/wiki/Special:FilePath/Pierre%20Nicolas%20Croquison.jpg,Kortrijk,België,Kortrijk,België,,,,
Q110039178,Pieter Baes,Person,,Elverdinge,België,Izegem,België,,,,
Q118136722,Pieter Benoit,Person,,Kuurne,België,Salford,Verenigd Koninkrijk,,,,
Q2182589,Pieter Busschaert,Person,,Damme,België,Vichte,België,,,,
Q14101076,Pieter Génard,Person,http://commons.wikimedia.org/wiki/Special:FilePath/PieterG%C3%A9nard.jpg,Antwerpen,België,Antwerpen,België,,,,
Q15982596,Pieter Jan Gezelle,Person,,,,,,,,,
Q120884878,Pieter Jan Timmerman,Person,,Oostnieuwkerke,België,Kortemark,België,,,,
Q2159132,Pieter Lansens,Person,http://commons.wikimedia.org/wiki/Special:FilePath/Pieter%20Lansens.jpg,Lichtervelde,België,Koekelare,België,,,,
Q115836217,Pieter Plets,Person,,Rumbeke,België,Rumbeke,België,,,,
Q22002048,Pieter Raoux,Person,,Assebroek,België,Brugge,België,,,,
Q6242432,Pieter Willems,Person,http://commons.wikimedia.org/wiki/Special:FilePath/PieterWillems.png,Maastricht,Nederland,Leuven,België,,,,
Q6242432,Pieter Willems,Person,http://commons.wikimedia.org/wiki/Special:FilePath/PieterWillems.png,Maastricht,Nederland,Sint-Joris-Weert,België,,,,
Q42306892,Pieter van den Broeck,Person,,Hamme,België,Hamme,België,,,,
Q110039180,Placidus Haghebaert,Person,,Noordschote,België,Leuven,België,,,,
Q3515115,Pol de Mont,Person,http://commons.wikimedia.org/wiki/Special:FilePath/Pol%20de%20Mont%201896.jpg,Wambeek,België,Berlijn,Duitsland,,,,
Q110039361,Polydoor Dionysius Daniëls,Person,http://commons.wikimedia.org/wiki/Special:FilePath/Eerwaarde%20Heer%20pastoor%20Dani%C3%ABls%2C%20PA04467.jpg,Diest,België,Hoeilaart,België,,,,
Q2754460,Prosper Antoine Van Langendonck,Person,http://commons.wikimedia.org/wiki/Special:FilePath/Langendonck.jpg,Brussel,België,Brussel,België,,,,
Q120488044,Prosper Bernard,Person,,,,,,,,,
Q122801933,Rafaël Debo,Person,,Kortrijk,België,Kortrijk,België,,,,
Q1796639,Rafaël Verhulst,Person,http://commons.wikimedia.org/wiki/Special:FilePath/Raf%20Verhulst.jpg,Wommelgem,België,Aken,Duitsland,,,,
Q1796639,Rafaël Verhulst,Person,http://commons.wikimedia.org/wiki/Special:FilePath/Raf%20Verhulst.jpg,Wommelgem,België,Vaals,Nederland,,,,
Q115822210,Raymond Muyldermans,Person,,Balen,België,Calcutta,India,,,,
Q4423628,Remi Ghesquiere,Person,,,,,,,,,
Q115807960,Remigius De Ryckere,Person,,Emelgem,België,Emelgem,België,,,,
Q123722465,Renaat Joye,Person,,Woumen,België,Woumen,België,,,,
Q119699762,René Frans Adriaens,Person,,Zedelgem,België,Zedelgem,België,,,,
Q2087117,René Vermandere,Person,,Kortrijk,België,Antwerpen,België,,,,
Q115817263,René van Honsebrouck,Person,,Werken,België,Antwerpen,België,,,,
Q120651810,René-François Flahault,Person,,Belle,Frankrijk,,,,,,
Q64302,Richard Andree,Person,http://commons.wikimedia.org/wiki/Special:FilePath/%D0%A0%D0%B8%D1%85%D0%B0%D1%80%D0%B4%20%D0%90%D0%BD%D0%B4%D1%80%D0%B5.jpg,Braunschweig,Duitsland,München,Duitsland,,,,
Q115813641,Rijkaart Carette,Person,,Meulebeke,België,Koolskamp,België,,,,
Q7343011,Robert Coffin,Person,,Brighton,Verenigd Koninkrijk,Teignmouth,Verenigd Koninkrijk,,,,
Q125472922,Robert John Stanislaw Edmonstone,Person,,Blackburn,Verenigd Koninkrijk,Gwanda,Zimbabwe,,,,
Q113675636,Robrecht Willaert,Person,,Esen,België,Lumbres,Frankrijk,,,,
Q136734381,Roland Joseph De Meester,Person,,Roeselare,België,Kortrijk,België,,,,
Q117244395,Romaan Gislijn Gezelle,Person,,Brugge,België,Brugge,België,,,,
Q115844249,Rosalia Verstraete,Person,,Egem,België,Deftinge,België,,,,
Q123050592,Ruth Rose Drew,Person,,Haiderabad,India,Brugge,België,,,,
Q119006339,Samuel Roper,Person,,Dorset,Verenigd Koninkrijk,Bedminster,Verenigd Koninkrijk,,,,
Q116508674,Savina L.J. van Caloen-de Gourcy,Person,http://commons.wikimedia.org/wiki/Special:FilePath/Foto%20Savina%20Van%20Caloen.tif,Gent,België,Loppem,België,,,,
Q14331462,Seraphijn Dequidt,Person,,Oeren,België,De Panne,België,,,,
Q56036025,Servaas Domien Daems,Person,,Noorderwijk,België,Tongerlo,België,,,,
Q116522102,Sidonie Mahieu,Person,,Duinkerke,Frankrijk,Saint-Venant,Frankrijk,,,,
Q116620790,Sophia Elizabeth Peeters,Person,http://commons.wikimedia.org/wiki/Special:FilePath/Portret%20Sophie%20Peeters.jpg,Sint-Pauwels,België,Sint-Pauwels,België,,,,
Q125365561,Sophie Marie Louise de Robiano,Person,,Rumillies,België,Kortrijk,België,,,,
Q122903266,Spencer Francis Smith,Person,,Londen,Verenigd Koninkrijk,,,,,,
Q175669,Stijn Streuvels,Person,http://commons.wikimedia.org/wiki/Special:FilePath/Stijn%20Streuvels%20by%20Modest%20Huys.jpg,Heule,België,Ingooigem,België,,,,
Q175669,Stijn Streuvels,Person,http://commons.wikimedia.org/wiki/Special:FilePath/Stijn%20Streuvels%20by%20Modest%20Huys%20%28cropped%29.jpg,Heule,België,Ingooigem,België,,,,
Q116621828,Stéphanie Hendryckx,Person,,Brugge,België,Loppem,België,,,,
Q123413906,Séraphine Cathérine De Wulf,Person,,Brugge,België,Brugge,België,,,,
Q56036026,Taco Hajo de Beer,Person,,Maarssen,Nederland,Den Haag,Nederland,,,,
Q116620970,Teresa Hercy,Person,,Maidenhead,Verenigd Koninkrijk,Londen,Verenigd Koninkrijk,,,,
Q115809464,Theodoor Luyssen,Person,,Veurne,België,Brugge,België,,,,
Q121000890,Theofiel Van Heuverswyn,Person,,,,,,,,,
Q719358,Theophiel Coopman,Person,http://commons.wikimedia.org/wiki/Special:FilePath/Theophiel%20Coopman%20%281852-1915%29.jpg,Gent,België,Schaarbeek,België,,,,
Q115818718,Theophiel Goethals,Person,,Brugge,België,Brugge,België,,,,
Q115829884,Theophilus Roucourt,Person,,Diest,België,Berchem,België,,,,
Q7790140,Thomas Grant,Person,,Ligny-lès-Aire,Frankrijk,Rome,Italië,,,,
Q120248482,Thomas Harrison Sale,Person,,Manchester,Verenigd Koninkrijk,Manchester,Verenigd Koninkrijk,,,,
Q116687401,Thérèse Hubertine Abels,Person,,Roermond,Nederland,,,,,,
Q125274323,Valentine Josephine Marie Terrière,Person,,Izegem,België,Straatsburg,Frankrijk,,,,
Q3557112,Victor Alexis dela Montagne,Person,http://commons.wikimedia.org/wiki/Special:FilePath/Victor%20De%20la%20Montagne.png,Antwerpen,België,Sainte-Adresse,Frankrijk,,,,
Q115818151,Victor Beheyt,Person,,Menen,België,Kortrijk,België,,,,
Q80079104,Victor Huys,Person,,Geluwe,België,Zillebeke,België,,,,
Q136747037,Victor Julien Coornaert,Person,,Kortrijk,België,Dottenijs,België,,,,
Q51168899,Victor Lambrecht,Person,,Oostrozebeke,België,,,,,,
Q115817390,Victor Lanssen,Person,,Roeselare,België,Eernegem,België,,,,
Q118151362,Victor Leonardus Franciscus Goethals,Person,,Tielt,België,Kortrijk,België,,,,
Q113681935,Victor Van Coillie,Person,,Beveren,België,Ingelmunster,België,,,,
Q120920568,Victor Van De Kerckhove,Person,,,,,,,,,
Q123615494,Victor Vercruysse,Person,,Kortrijk,België,Kortrijk,België,,,,
Q115823191,Vincent Lefere,Person,,Oostnieuwkerke,België,Rollegem-Kapelle,België,,,,
Q125394996,Virginie Nyffels,Person,,Bissegem,België,Heule,België,,,,
Q120629807,Vital De Vos,Person,,Eksaarde,België,,,,,,
Q125544971,Vitalis Jerome Joannes Trogh,Person,,Brugge,België,,,,,,
Q322106,Walter William Skeat,Person,http://commons.wikimedia.org/wiki/Special:FilePath/Portrait%20of%20Walter%20William%20Skeat.jpg,Londen,Verenigd Koninkrijk,Cambridge,Verenigd Koninkrijk,,,,
Q29019503,Willem De Vreese,Person,http://commons.wikimedia.org/wiki/Special:FilePath/WillemDeVreese.jpg,Gent,België,Voorschoten,Nederland,,,,
Q18093100,Willem Lodewijk van Helten,Person,http://commons.wikimedia.org/wiki/Special:FilePath/WLvanHelten.jpg,Hedel,Nederland,Den Haag,Nederland,,,,
Q118644563,William Crombleholme,Person,,Chipping,Verenigd Koninkrijk,Boston,Verenigde Staten,,,,
Q2062803,William Henry James Weale,Person,http://commons.wikimedia.org/wiki/Special:FilePath/James%20Weale.jpg,Marylebone,Verenigd Koninkrijk,Londen,Verenigd Koninkrijk,,,,
Q125535061,William Leadbitter,Person,,Q1425428,Verenigd Koninkrijk,Q1425428,Verenigd Koninkrijk,,,,
Q120471627,William Thompson,Person,,,,,,,,,
Q118766019,William Woodlock,Person,,Dublin,Ierland,Brugge,België,,,,
Q116620896,Zulma De Bo,Person,,Meulebeke,België,Meulebeke,België,,,,
Q120514200,Élie Henri Marie Félix de Coussemaker,Person,,Belle,Frankrijk,Belle,Frankrijk,,,,
Q1425428,Newcastle upon Tyne ,Place,,,,,,,,Q145,Verenigd Koninkrijk
Q5125864,"
Clapham Common",Place,,,,,,,,Q145,Verenigd Koninkrijk
Q5688340,Hazlewood Castle,Place,,,,,,,,Q145,Verenigd Koninkrijk
Q67574558,Staffordshire,Place,,,,,,,,Q145,Verenigd Koninkrijk
Q7650196,Sutton ,Place,,,,,,,,Q145,Verenigd Koninkrijk
Q7683408,Tanjong Bungah,Place,,,,,,,,Q833,Maleisië
Q1809061,s-Heer Abtskerke,Place,,,,,,,,Q55,Nederland
Q2766547,s-Hertogenbosch,Place,,,,,,,,Q55,Nederland
Q2603716,Aalbeke,Place,,,,,,,,Q31,België
Q13121,Aalst,Place,,,,,,,,Q31,België
Q300970,Aalter,Place,,,,,,,,Q31,België
Q955,Aardenburg,Place,,,,,,,,Q55,Nederland
Q273442,Aarschot,Place,,,,,,,,Q31,België
Q2750562,Aarsele,Place,,,,,,,,Q31,België
Q2751461,Aartrijke,Place,,,,,,,,Q31,België
Q95096,Aat,Place,,,,,,,,Q31,België
Q36405,Aberdeen,Place,,,,,,,,Q145,Verenigd Koninkrijk
Q1622949,Accrington,Place,,,,,,,,Q145,Verenigd Koninkrijk
Q301745,Adinkerke,Place,,,,,,,,Q31,België
Q47465,Aix-en-Provence,Place,,,,,,,,Q142,Frankrijk
Q1017,Aken,Place,,,,,,,,Q183,Duitsland
Q661993,Alsemberg,Place,,,,,,,,Q31,België
Q448840,Alveringem,Place,,,,,,,,Q31,België
Q727,Amsterdam,Place,,,,,,,,Q55,Nederland
Q9899,Amsterdam,Place,,,,,,,,Q55,Nederland
Q12886,Anderlecht,Place,,,,,,,,Q31,België
Q499594,Ans,Place,,,,,,,,Q31,België
Q126898,Antibes,Place,,,,,,,,Q142,Frankrijk
Q12892,Antwerpen,Place,,,,,,,,Q31,België
Q614274,Anzegem,Place,,,,,,,,Q31,België
Q724577,Appels,Place,,,,,,,,Q31,België
Q632471,Archbold,Place,,,,,,,,Q30,Verenigde Staten
Q639974,Ardooie,Place,,,,,,,,Q31,België
Q414,Argentinië,Place,,,,,,,,Q414,Argentinië
Q716658,Arundel,Place,,,,,,,,Q145,Verenigd Koninkrijk
Q2741141,Aspelare,Place,,,,,,,,Q31,België
Q3474562,Asper,Place,,,,,,,,Q31,België
Q739996,Assebroek,Place,,,,,,,,Q31,België
Q408,Australië,Place,,,,,,,,Q408,Australië
Q177133,Avelgem,Place,,,,,,,,Q31,België
Q842943,Baardegem,Place,,,,,,,,Q31,België
Q2878342,Bachte-Maria-Leerne,Place,,,,,,,,Q31,België
Q723651,Balen,Place,,,,,,,,Q31,België
Q17856,Ballarat,Place,,,,,,,,Q408,Australië
Q1492,Barcelona,Place,,,,,,,,Q29,Spanje
Q4865580,Barton upon Irwell,Place,,,,,,,,Q145,Verenigd Koninkrijk
Q22889,Bath,Place,,,,,,,,Q145,Verenigd Koninkrijk
Q4869146,Bathwick,Place,,,,,,,,Q145,Verenigd Koninkrijk
Q705013,Bavikhove,Place,,,,,,,,Q31,België
Q41890,Bayswater,Place,,,,,,,,Q145,Verenigd Koninkrijk
Q2660843,Bedminster,Place,,,,,,,,Q145,Verenigd Koninkrijk
Q687921,Beernem,Place,,,,,,,,Q31,België
Q2789957,Bekegem,Place,,,,,,,,Q31,België
Q10686,Belfast,Place,,,,,,,,Q145,Verenigd Koninkrijk
Q332310,Belle,Place,,,,,,,,Q142,Frankrijk
Q2346906,Bellegem,Place,,,,,,,,Q31,België
Q79980,Benares,Place,,,,,,,,Q668,India
Q708708,Bendorf,Place,,,,,,,,Q183,Duitsland
Q818804,Berchem,Place,,,,,,,,Q31,België
Q2896939,Berchem,Place,,,,,,,,Q31,België
Q334301,Berck,Place,,,,,,,,Q142,Frankrijk
Q49345973,Berck-Plage,Place,,,,,,,,Q142,Frankrijk
Q83407,Bergen,Place,,,,,,,,Q31,België
Q242407,Beringen,Place,,,,,,,,Q31,België
Q793584,Berlare,Place,,,,,,,,Q31,België
Q64,Berlijn,Place,,,,,,,,Q183,Duitsland
Q1988823,Betekom,Place,,,,,,,,Q31,België
Q270644,Beveren,Place,,,,,,,,Q31,België
Q2636574,Beveren,Place,,,,,,,,Q31,België
Q2289081,Beveren,Place,,,,,,,,Q31,België
Q2480040,Beveren-aan-de-IJzer,Place,,,,,,,,Q31,België
Q851718,Beverley,Place,,,,,,,,Q145,Verenigd Koninkrijk
Q2371714,Bevingen,Place,,,,,,,,Q31,België
Q2412352,Biervliet,Place,,,,,,,,Q55,Nederland
Q2256,Birmingham,Place,,,,,,,,Q145,Verenigd Koninkrijk
Q873205,Bisdom Nottingham,Place,,,,,,,,Q145,Verenigd Koninkrijk
Q875554,Bisdom Salford,Place,,,,,,,,Q145,Verenigd Koninkrijk
Q2708072,Bissegem,Place,,,,,,,,Q31,België
Q188313,Blackburn,Place,,,,,,,,Q145,Verenigd Koninkrijk
Q328104,Blankenberge,Place,,,,,,,,Q31,België
Q890339,Boezinge,Place,,,,,,,,Q31,België
Q184579,Bolton,Place,,,,,,,,Q145,Verenigd Koninkrijk
Q4940251,Bolton le Moors,Place,,,,,,,,Q145,Verenigd Koninkrijk
Q586,Bonn,Place,,,,,,,,Q183,Duitsland
Q954682,Booitshoeke,Place,,,,,,,,Q31,België
Q723972,Boom,Place,,,,,,,,Q31,België
Q834850,Borgerhout,Place,,,,,,,,Q31,België
Q499609,Borgloon,Place,,,,,,,,Q31,België
Q1021461,Bossuit,Place,,,,,,,,Q31,België
Q100,Boston,Place,,,,,,,,Q30,Verenigde Staten
Q217216,Bouillon,Place,,,,,,,,Q31,België
Q81997,Boulogne-sur-Mer,Place,,,,,,,,Q142,Frankrijk
Q170478,Bournemouth,Place,,,,,,,,Q145,Verenigd Koninkrijk
Q2854293,Bovekerke,Place,,,,,,,,Q31,België
Q1987052,Bovenkerk,Place,,,,,,,,Q55,Nederland
Q122607,Bow,Place,,,,,,,,Q145,Verenigd Koninkrijk
Q693513,Brasschaat,Place,,,,,,,,Q31,België
Q2773,Braunschweig,Place,,,,,,,,Q183,Duitsland
Q742920,Bredene,Place,,,,,,,,Q31,België
Q1013528,Brentford,Place,,,,,,,,Q145,Verenigd Koninkrijk
Q12193,Brest,Place,,,,,,,,Q142,Frankrijk
Q2510121,Brielen,Place,,,,,,,,Q31,België
Q131491,Brighton,Place,,,,,,,,Q145,Verenigd Koninkrijk
Q34932,Brisbane,Place,,,,,,,,Q408,Australië
Q23154,Bristol,Place,,,,,,,,Q145,Verenigd Koninkrijk
Q1054923,Brits Hongkong,Place,,,,,,,,Q145,Verenigd Koninkrijk
Q918153,Brits-Ceylon,Place,,,,,,,,Q145,Verenigd Koninkrijk
Q129286,Brits-Indië,Place,,,,,,,,Q8680,Britse Rijk
Q146690,Brixton,Place,,,,,,,,Q145,Verenigd Koninkrijk
Q180356,Broadway,Place,,,,,,,,Q145,Verenigd Koninkrijk
Q2926028,Brompton,Place,,,,,,,,Q145,Verenigd Koninkrijk
Q4974338,Brook Green,Place,,,,,,,,Q145,Verenigd Koninkrijk
Q12994,Brugge,Place,,,,,,,,Q31,België
Q239,Brussel,Place,,,,,,,,Q31,België
Q1486,Buenos Aires,Place,,,,,,,,Q414,Argentinië
Q202309,Buggenhout,Place,,,,,,,,Q31,België
Q2928134,Bulskamp,Place,,,,,,,,Q31,België
Q516951,Cahir,Place,,,,,,,,Q27,Ierland
Q864668,Caithness,Place,,,,,,,,Q145,Verenigd Koninkrijk
Q1348,Calcutta,Place,,,,,,,,Q668,India
Q1027584,Calverley,Place,,,,,,,,Q145,Verenigd Koninkrijk
Q385060,Camberwell,Place,,,,,,,,Q145,Verenigd Koninkrijk
Q350,Cambridge,Place,,,,,,,,Q145,Verenigd Koninkrijk
Q16,Canada,Place,,,,,,,,Q16,Canada
Q743535,Chelsea,Place,,,,,,,,Q145,Verenigd Koninkrijk
Q1297,Chicago,Place,,,,,,,,Q30,Verenigde Staten
Q29520,China,Place,,,,,,,,#N/A,
Q2564391,Chipping,Place,,,,,,,,Q145,Verenigd Koninkrijk
Q1065474,Chipping Norton,Place,,,,,,,,Q145,Verenigd Koninkrijk
Q925424,Christchurch,Place,,,,,,,,Q145,Verenigd Koninkrijk
Q146659,Clapham,Place,,,,,,,,Q145,Verenigd Koninkrijk
Q5125871,Clapham Park,Place,,,,,,,,Q145,Verenigd Koninkrijk
Q2376216,Clifton,Place,,,,,,,,Q145,Verenigd Koninkrijk
Q2031231,Clonegal,Place,,,,,,,,Q27,Ierland
Q187402,County Cavan,Place,,,,,,,,Q27,Ierland
Q747599,Covington,Place,,,,,,,,Q30,Verenigde Staten
Q587996,Cowes,Place,,,,,,,,Q145,Verenigd Koninkrijk
Q239091,Croix,Place,,,,,,,,Q142,Frankrijk
Q1861723,Dadizele,Place,,,,,,,,Q31,België
Q659895,Dalkey,Place,,,,,,,,Q27,Ierland
Q323408,Damme,Place,,,,,,,,Q31,België
Q577334,Danville,Place,,,,,,,,Q30,Verenigde Staten
Q921682,De Klijte,Place,,,,,,,,Q31,België
Q674954,De Panne,Place,,,,,,,,Q31,België
Q960518,Deer Lodge,Place,,,,,,,,Q30,Verenigde Staten
Q822771,Deerlijk,Place,,,,,,,,Q31,België
Q21768611,Deerlijk,Place,,,,,,,,Q31,België
Q1991101,Deftinge,Place,,,,,,,,Q31,België
Q36600,Den Haag,Place,,,,,,,,Q55,Nederland
Q696825,Denderleeuw,Place,,,,,,,,Q31,België
Q13122,Dendermonde,Place,,,,,,,,Q31,België
Q742906,Dentergem,Place,,,,,,,,Q31,België
Q1988333,Desteldonk,Place,,,,,,,,Q31,België
Q12439,Detroit,Place,,,,,,,,Q30,Verenigde Staten
Q1026699,Devizes,Place,,,,,,,,Q145,Verenigd Koninkrijk
Q23156,Devon,Place,,,,,,,,Q145,Verenigd Koninkrijk
Q743236,Diest,Place,,,,,,,,Q31,België
Q7003,Dijon,Place,,,,,,,,Q142,Frankrijk
Q2199190,Dikkebus,Place,,,,,,,,Q31,België
Q215244,Diksmuide,Place,,,,,,,,Q31,België
Q533936,Dion-Valmont,Place,,,,,,,,Q31,België
Q165736,Doesburg,Place,,,,,,,,Q55,Nederland
Q3033905,Dolhain,Place,,,,,,,,Q31,België
Q173219,Doornik,Place,,,,,,,,Q31,België
Q2022299,Doornzele,Place,,,,,,,,Q31,België
Q23159,Dorset,Place,,,,,,,,Q145,Verenigd Koninkrijk
Q2692740,Dottenijs,Place,,,,,,,,Q31,België
Q2117660,Dranouter,Place,,,,,,,,Q31,België
Q688377,Drogenbos,Place,,,,,,,,Q31,België
Q207223,Drogheda,Place,,,,,,,,Q27,Ierland
Q1260195,Drongen,Place,,,,,,,,Q31,België
Q1761,Dublin,Place,,,,,,,,Q27,Ierland
Q3040923,Dudzele,Place,,,,,,,,Q31,België
Q45797,Duinkerke,Place,,,,,,,,Q142,Frankrijk
Q34779,Dumbarton,Place,,,,,,,,Q145,Verenigd Koninkrijk
Q204956,Dundalk,Place,,,,,,,,Q27,Ierland
Q179815,Durham,Place,,,,,,,,Q145,Verenigd Koninkrijk
Q1610804,East Preston,Place,,,,,,,,Q145,Verenigd Koninkrijk
Q23436,Edinburgh,Place,,,,,,,,Q145,Verenigd Koninkrijk
Q2006337,Eernegem,Place,,,,,,,,Q31,België
Q3049134,Egem,Place,,,,,,,,Q31,België
Q2526091,Eindhout,Place,,,,,,,,Q31,België
Q2693730,Eine,Place,,,,,,,,Q31,België
Q12012813,Ekkergem,Place,,,,,,,,Q31,België
Q2488256,Eksaarde,Place,,,,,,,,Q31,België
Q1021018,El Harrach,Place,,,,,,,,Q262,Algerije
Q2803757,Elene,Place,,,,,,,,Q31,België
Q1981740,Elham,Place,,,,,,,,Q145,Verenigd Koninkrijk
Q2475316,Ellignies-Sainte-Anne,Place,,,,,,,,Q31,België
Q208713,Elsene,Place,,,,,,,,Q31,België
Q2575787,Elverdinge,Place,,,,,,,,Q31,België
Q2681034,Emelgem,Place,,,,,,,,Q31,België
Q6697,Empoli,Place,,,,,,,,Q38,Italië
Q1219676,Emsworth,Place,,,,,,,,Q145,Verenigd Koninkrijk
Q21,Engeland,Place,,,,,,,,Q145,Verenigd Koninkrijk
Q44762,Entre Ríos,Place,,,,,,,,Q414,Argentinië
Q2085862,Esen,Place,,,,,,,,Q31,België
Q724283,Essen,Place,,,,,,,,Q31,België
Q2261514,Ettelgem,Place,,,,,,,,Q31,België
Q192859,Etterbeek,Place,,,,,,,,Q31,België
Q2309565,Everberg,Place,,,,,,,,Q31,België
Q12997,Evergem,Place,,,,,,,,Q31,België
Q663930,Fives,Place,,,,,,,,Q142,Frankrijk
Q2044,Florence,Place,,,,,,,,Q38,Italië
Q3074712,Flône,Place,,,,,,,,Q31,België
Q1010212,Fortrose,Place,,,,,,,,Q145,Verenigd Koninkrijk
Q142,Frankrijk,Place,,,,,,,,Q142,Frankrijk
Q464454,Geel,Place,,,,,,,,Q31,België
Q949276,Geluveld,Place,,,,,,,,Q31,België
Q1963590,Geluwe,Place,,,,,,,,Q31,België
Q1296,Gent,Place,,,,,,,,Q31,België
Q499532,Geraardsbergen,Place,,,,,,,,Q31,België
Q1021457,Gijzelbrechtegem,Place,,,,,,,,Q31,België
Q815948,Gistel,Place,,,,,,,,Q31,België
Q2625637,Gits,Place,,,,,,,,Q31,België
Q984868,Glabbeek,Place,,,,,,,,Q31,België
Q4093,Glasgow,Place,,,,,,,,Q145,Verenigd Koninkrijk
Q383912,Glossop,Place,,,,,,,,Q145,Verenigd Koninkrijk
Q81220,Goes,Place,,,,,,,,Q55,Nederland
Q749,Groningen,Place,,,,,,,,Q55,Nederland
Q23666,Groot-Brittannië,Place,,,,,,,,Q145,Verenigd Koninkrijk
Q23306,Groot-Londen,Place,,,,,,,,Q145,Verenigd Koninkrijk
Q769160,Groot-Sinten,Place,,,,,,,,Q142,Frankrijk
Q1978079,Gullegem,Place,,,,,,,,Q31,België
Q1557796,Gwanda,Place,,,,,,,,Q954,Zimbabwe
Q9920,Haarlem,Place,,,,,,,,Q55,Nederland
Q1361,Haiderabad,Place,,,,,,,,Q668,India
Q109042,Halden,Place,,,,,,,,Q20,Noorwegen
Q631265,Halewijn,Place,,,,,,,,Q142,Frankrijk
Q210003,Halle,Place,,,,,,,,Q31,België
Q391294,Hamme,Place,,,,,,,,Q31,België
Q277162,Hammersmith,Place,,,,,,,,Q145,Verenigd Koninkrijk
Q25610,Hampstead,Place,,,,,,,,Q145,Verenigd Koninkrijk
Q2741641,Handzame,Place,,,,,,,,Q31,België
Q2647040,Hansbeke,Place,,,,,,,,Q31,België
Q478797,Harelbeke,Place,,,,,,,,Q31,België
Q58780,Hasselt,Place,,,,,,,,Q31,België
Q29245,Hastings,Place,,,,,,,,Q145,Verenigd Koninkrijk
Q473892,Haubourdin,Place,,,,,,,,Q142,Frankrijk
Q5685502,"Hawthorn Hill, Berkshire",Place,,,,,,,,Q145,Verenigd Koninkrijk
Q11131,Hazebroek,Place,,,,,,,,Q142,Frankrijk
Q2195310,Hedel,Place,,,,,,,,Q55,Nederland
Q1849663,Heestert,Place,,,,,,,,Q31,België
Q2966,Heidelberg,Place,,,,,,,,Q183,Duitsland
Q2974907,Heist,Place,,,,,,,,Q31,België
Q2134798,Heldergem,Place,,,,,,,,Q31,België
Q724448,Hemiksem,Place,,,,,,,,Q31,België
Q842744,Herdersem,Place,,,,,,,,Q31,België
Q9681,Hertford,Place,,,,,,,,Q145,Verenigd Koninkrijk
Q3110823,Heule,Place,,,,,,,,Q31,België
Q1966966,Heusden,Place,,,,,,,,Q31,België
Q9845,Heusden,Place,,,,,,,,Q31,België
Q124394,Highbury,Place,,,,,,,,Q145,Verenigd Koninkrijk
Q123947,Highgate,Place,,,,,,,,Q145,Verenigd Koninkrijk
Q9934,Hilversum,Place,,,,,,,,Q55,Nederland
Q267663,Hoboken,Place,,,,,,,,Q31,België
Q207095,Hoei,Place,,,,,,,,Q31,België
Q641278,Hoeilaart,Place,,,,,,,,Q31,België
Q2004020,Hofstade,Place,,,,,,,,Q31,België
Q696907,Hooglede,Place,,,,,,,,Q31,België
Q724638,Hoogstraten,Place,,,,,,,,Q31,België
Q1840847,Houtem,Place,,,,,,,,Q31,België
Q696942,Houthulst,Place,,,,,,,,Q31,België
Q3051137,Hulme,Place,,,,,,,,Q145,Verenigd Koninkrijk
Q1990660,Hulste,Place,,,,,,,,Q31,België
Q189,IJsland,Place,,,,,,,,Q189,IJsland
Q281181,Ichtegem,Place,,,,,,,,Q31,België
Q102728,Ieper,Place,,,,,,,,Q31,België
Q213137,Indië,Place,,,,,,,,#N/A,
Q822748,Ingelmunster,Place,,,,,,,,Q31,België
Q1012352,Ingooigem,Place,,,,,,,,Q31,België
Q125163,Islington,Place,,,,,,,,Q145,Verenigd Koninkrijk
Q38,Italië,Place,,,,,,,,Q38,Italië
Q392337,Izegem,Place,,,,,,,,Q31,België
Q2551514,Jelsum,Place,,,,,,,,Q55,Nederland
Q2863278,Jonkershove,Place,,,,,,,,Q31,België
Q2333747,Kachtem,Place,,,,,,,,Q31,België
Q492453,Kampenhout,Place,,,,,,,,Q31,België
Q203197,Kandy,Place,,,,,,,,Q854,Sri Lanka
Q111434472,Kasteel Ter Beken,Place,,,,,,,,Q31,België
Q705020,Kaster,Place,,,,,,,,Q31,België
Q3181967,Keiem,Place,,,,,,,,Q31,België
Q1024880,Kemmel,Place,,,,,,,,Q31,België
Q288781,Kensington,Place,,,,,,,,Q145,Verenigd Koninkrijk
Q1012349,Kerkhove,Place,,,,,,,,Q31,België
Q3195527,Kersbeek-Miskom,Place,,,,,,,,Q31,België
Q951571,Kessel-Lo,Place,,,,,,,,Q31,België
Q6403209,Khushpur,Place,,,,,,,,Q843,Pakistan
Q15238339,Kibanga,Place,,,,,,,,Q974,Congo-Kinshasa
Q13123333,Kibanga,Place,,,,,,,,Q974,Congo-Kinshasa
Q3196450,Kieldrecht,Place,,,,,,,,Q31,België
Q623382,Killarney,Place,,,,,,,,Q27,Ierland
Q32508,Kingston upon Thames,Place,,,,,,,,Q145,Verenigd Koninkrijk
Q2321706,Kingston upon Thames,Place,,,,,,,,Q145,Verenigd Koninkrijk
Q3838,Kinshasa,Place,,,,,,,,Q974,Congo-Kinshasa
Q498655,Klemskerke,Place,,,,,,,,Q31,België
Q1937157,Klerken,Place,,,,,,,,Q31,België
Q912069,Knesselare,Place,,,,,,,,Q31,België
Q822795,Koekelare,Place,,,,,,,,Q31,België
Q2463781,Komen,Place,,,,,,,,Q31,België
Q76048,Kongo-Vrijstaat,Place,,,,,,,,#N/A,
Q2731701,Kooigem,Place,,,,,,,,Q31,België
Q2746117,Koolkerke,Place,,,,,,,,Q31,België
Q2181673,Koolskamp,Place,,,,,,,,Q31,België
Q3198907,Korbeek-Lo,Place,,,,,,,,Q31,België
Q822763,Kortemark,Place,,,,,,,,Q31,België
Q12995,Kortrijk,Place,,,,,,,,Q31,België
Q21767298,Kortrijk,Place,,,,,,,,Q31,België
Q817375,Kruishoutem,Place,,,,,,,,Q31,België
Q731501,Kuurne,Place,,,,,,,,Q31,België
Q11739,Lahore,Place,,,,,,,,Q843,Pakistan
Q202059,Lambeth,Place,,,,,,,,Q145,Verenigd Koninkrijk
Q23077,Lancashire,Place,,,,,,,,Q145,Verenigd Koninkrijk
Q943502,Landen,Place,,,,,,,,Q31,België
Q726498,Langemark,Place,,,,,,,,Q31,België
Q62132,Lapland,Place,,,,,,,,Q33,Finland
Q2127148,Lauwe,Place,,,,,,,,Q31,België
Q2802143,Ledeberg,Place,,,,,,,,Q31,België
Q735842,Ledegem,Place,,,,,,,,Q31,België
Q25390,Leeuwarden,Place,,,,,,,,Q55,Nederland
Q1827485,Leffinge,Place,,,,,,,,Q31,België
Q43631,Leiden,Place,,,,,,,,Q55,Nederland
Q2079,Leipzig,Place,,,,,,,,Q183,Duitsland
Q12993,Lembeke,Place,,,,,,,,Q31,België
Q696887,Lendelede,Place,,,,,,,,Q31,België
Q736120,Leopoldsburg,Place,,,,,,,,Q31,België
Q690948,Lettelingen,Place,,,,,,,,Q31,België
Q118958,Leuven,Place,,,,,,,,Q31,België
Q696871,Lichtervelde,Place,,,,,,,,Q31,België
Q12460,Lier,Place,,,,,,,,Q31,België
Q1025511,Ligny-lès-Aire,Place,,,,,,,,Q142,Frankrijk
Q133315,Limerick,Place,,,,,,,,Q27,Ierland
Q2049606,Linden,Place,,,,,,,,Q31,België
Q1924402,Lissewege,Place,,,,,,,,Q31,België
Q24826,Liverpool,Place,,,,,,,,Q145,Verenigd Koninkrijk
Q2791245,Lo,Place,,,,,,,,Q31,België
Q822790,Lo-Reninge,Place,,,,,,,,Q31,België
Q735827,Lochristi,Place,,,,,,,,Q31,België
Q2132237,Loker,Place,,,,,,,,Q31,België
Q1998586,Loksbergen,Place,,,,,,,,Q31,België
Q84,Londen,Place,,,,,,,,Q145,Verenigd Koninkrijk
Q587819,Londerzeel,Place,,,,,,,,Q31,België
Q1626288,Long Eaton,Place,,,,,,,,Q145,Verenigd Koninkrijk
Q274325,Loos,Place,,,,,,,,Q142,Frankrijk
Q2340735,Loppem,Place,,,,,,,,Q31,België
Q3475001,Lotenhulle,Place,,,,,,,,Q31,België
Q840968,Lovendegem,Place,,,,,,,,Q31,België
Q3992,Luik,Place,,,,,,,,Q31,België
Q261414,Lumbres,Place,,,,,,,,Q142,Frankrijk
Q4191,Luzern,Place,,,,,,,,Q39,Zwitserland
Q932008,Maarssen,Place,,,,,,,,Q55,Nederland
Q1309,Maastricht,Place,,,,,,,,Q55,Nederland
Q3234954,Machelen,Place,,,,,,,,Q31,België
Q2807,Madrid,Place,,,,,,,,Q29,Spanje
Q238803,Maidenhead,Place,,,,,,,,Q145,Verenigd Koninkrijk
Q498858,Maillane,Place,,,,,,,,Q142,Frankrijk
Q12896,Maldegem,Place,,,,,,,,Q31,België
Q18125,Manchester,Place,,,,,,,,Q145,Verenigd Koninkrijk
Q13581283,Maredsous,Place,,,,,,,,Q31,België
Q100037,Margraten,Place,,,,,,,,Q55,Nederland
Q13815099,Maria-Aalter,Place,,,,,,,,Q31,België
Q1015356,Mariakerke,Place,,,,,,,,Q31,België
Q2166168,Mariakerke,Place,,,,,,,,Q31,België
Q3099657,Marke,Place,,,,,,,,Q31,België
Q2535447,Markegem,Place,,,,,,,,Q31,België
Q23482,Marseille,Place,,,,,,,,Q142,Frankrijk
Q123634,Marylebone,Place,,,,,,,,Q145,Verenigd Koninkrijk
Q597997,Massemen,Place,,,,,,,,Q31,België
Q211073,Matadi,Place,,,,,,,,Q974,Congo-Kinshasa
Q2656389,Mauritius Eiland,Place,,,,,,,,Q1027,Mauritius
Q2166865,Mazenzele,Place,,,,,,,,Q31,België
Q162022,Mechelen,Place,,,,,,,,Q31,België
Q2132066,Mechelen-Bovelingen,Place,,,,,,,,Q31,België
Q2561079,Meetkerke,Place,,,,,,,,Q31,België
Q1849098,Meigem,Place,,,,,,,,Q31,België
Q696355,Melle,Place,,,,,,,,Q31,België
Q2565209,Melsbroek,Place,,,,,,,,Q31,België
Q1018423,Melton Mowbray,Place,,,,,,,,Q145,Verenigd Koninkrijk
Q2794293,Membruggen,Place,,,,,,,,Q31,België
Q213224,Menen,Place,,,,,,,,Q31,België
Q912106,Merchtem,Place,,,,,,,,Q31,België
Q985789,Mere,Place,,,,,,,,Q31,België
Q187755,Merelbeke,Place,,,,,,,,Q31,België
Q2326156,Merkem,Place,,,,,,,,Q31,België
Q680624,Merris,Place,,,,,,,,Q142,Frankrijk
Q737077,Mesen,Place,,,,,,,,Q31,België
Q822783,Meulebeke,Place,,,,,,,,Q31,België
Q63923,Meulestede,Place,,,,,,,,Q31,België
Q1166,Michigan,Place,,,,,,,,Q30,Verenigde Staten
Q2786493,Middelburg,Place,,,,,,,,Q31,België
Q52101,Middelburg,Place,,,,,,,,Q31,België
Q492369,Middelkerke,Place,,,,,,,,Q31,België
Q19186,Middlesex,Place,,,,,,,,Q145,Verenigd Koninkrijk
Q149688,Mill Hill,Place,,,,,,,,Q145,Verenigd Koninkrijk
Q377429,Moen,Place,,,,,,,,Q31,België
Q2041206,Moere,Place,,,,,,,,Q31,België
Q724573,Moerzeke,Place,,,,,,,,Q31,België
Q220145,Moeskroen,Place,,,,,,,,Q31,België
Q1123846,Mogues,Place,,,,,,,,Q142,Frankrijk
Q711,Mongolië,Place,,,,,,,,Q711,Mongolië
Q995533,Monroe,Place,,,,,,,,Q30,Verenigde Staten
Q2223904,Mont-à-Leux,Place,,,,,,,,Q31,België
Q340,Montréal,Place,,,,,,,,Q16,Canada
Q780561,Moorsele,Place,,,,,,,,Q31,België
Q628733,Moorslede,Place,,,,,,,,Q31,België
Q688781,Mortsel,Place,,,,,,,,Q31,België
Q83317,Mosoel,Place,,,,,,,,Q796,Irak
Q1431633,Mount Clemens,Place,,,,,,,,Q30,Verenigde Staten
Q1726,München,Place,,,,,,,,Q183,Duitsland
Q2742,Münster,Place,,,,,,,,Q183,Duitsland
Q134121,Namen,Place,,,,,,,,Q31,België
Q12191,Nantes,Place,,,,,,,,Q142,Frankrijk
Q580315,Nazareth,Place,,,,,,,,Q31,België
Q616933,Nederename,Place,,,,,,,,Q31,België
Q2436688,Neerlinter,Place,,,,,,,,Q31,België
Q822651,Nevele,Place,,,,,,,,Q31,België
Q60,New York,Place,,,,,,,,Q30,Verenigde Staten
Q1384,New York,Place,,,,,,,,Q30,Verenigde Staten
Q987754,Newcastle West,Place,,,,,,,,Q27,Ierland
Q101254,Newport,Place,,,,,,,,Q145,Verenigd Koninkrijk
Q243851,Nieuw-Koudekerke,Place,,,,,,,,Q142,Frankrijk
Q664,Nieuw-Zeeland,Place,,,,,,,,Q664,Nieuw-Zeeland
Q1847545,Nieuwkapelle,Place,,,,,,,,Q31,België
Q1865404,Nieuwkerke,Place,,,,,,,,Q31,België
Q623310,Nieuwpoort,Place,,,,,,,,Q31,België
Q2442951,Niles,Place,,,,,,,,Q30,Verenigde Staten
Q661710,Noirétable,Place,,,,,,,,Q142,Frankrijk
Q2346321,Noorderwijk,Place,,,,,,,,Q31,België
Q1060664,Noordpene,Place,,,,,,,,Q142,Frankrijk
Q2042895,Noordschote,Place,,,,,,,,Q31,België
Q84957520,Noordwijk aan Zee,Place,,,,,,,,Q55,Nederland
Q20,Noorwegen,Place,,,,,,,,Q20,Noorwegen
Q23109,Norfolk,Place,,,,,,,,Q145,Verenigd Koninkrijk
Q7056086,North Meols,Place,,,,,,,,Q145,Verenigd Koninkrijk
Q215354,Notting Hill,Place,,,,,,,,Q145,Verenigd Koninkrijk
Q41262,Nottingham,Place,,,,,,,,Q145,Verenigd Koninkrijk
Q23092,Nottinghamshire,Place,,,,,,,,Q145,Verenigd Koninkrijk
Q1909412,Nukerke,Place,,,,,,,,Q31,België
Q1023248,Oedelem,Place,,,,,,,,Q31,België
Q650376,Oekene,Place,,,,,,,,Q31,België
Q2398408,Oeren,Place,,,,,,,,Q31,België
Q1876354,Okegem,Place,,,,,,,,Q31,België
Q4613418,Oksdonk,Place,,,,,,,,Q31,België
Q28301,Olinda,Place,,,,,,,,Q155,Brazilië
Q950007,Ooigem,Place,,,,,,,,Q31,België
Q2400293,Oostakker,Place,,,,,,,,Q31,België
Q2314278,Oostduinkerke,Place,,,,,,,,Q31,België
Q12996,Oostende,Place,,,,,,,,Q31,België
Q742892,Oostkamp,Place,,,,,,,,Q31,België
Q1939288,Oostkerke,Place,,,,,,,,Q31,België
Q2191886,Oostkerke,Place,,,,,,,,Q31,België
Q1952054,Oostnieuwkerke,Place,,,,,,,,Q31,België
Q822777,Oostrozebeke,Place,,,,,,,,Q31,België
Q2555902,Oostvleteren,Place,,,,,,,,Q31,België
Q14988,Oostwinkel,Place,,,,,,,,Q31,België
Q930292,Opwijk,Place,,,,,,,,Q31,België
Q2491546,Otegem,Place,,,,,,,,Q31,België
Q12992,Oudenaarde,Place,,,,,,,,Q31,België
Q835128,Oudenburg,Place,,,,,,,,Q31,België
Q705028,Outrijve,Place,,,,,,,,Q31,België
Q2106759,Ouwegem,Place,,,,,,,,Q31,België
Q599127,Overijse,Place,,,,,,,,Q31,België
Q107986613,Overleie,Place,,,,,,,,Q31,België
Q2580321,Overleie,Place,,,,,,,,Q31,België
Q34217,Oxford,Place,,,,,,,,Q145,Verenigd Koninkrijk
Q124230,Paddington,Place,,,,,,,,Q145,Verenigd Koninkrijk
Q3892762,Palmata,Place,,,,,,,,Q38,Italië
Q44213,Paraná,Place,,,,,,,,Q414,Argentinië
Q90,Parijs,Place,,,,,,,,Q142,Frankrijk
Q255575,Passendale,Place,,,,,,,,Q31,België
Q188096,Penang,Place,,,,,,,,Q833,Maleisië
Q2209469,Pendleton,Place,,,,,,,,Q145,Verenigd Koninkrijk
Q208209,Penzance,Place,,,,,,,,Q145,Verenigd Koninkrijk
Q233129,Peoria,Place,,,,,,,,Q30,Verenigde Staten
Q1884650,Perk,Place,,,,,,,,Q31,België
Q203000,Perth,Place,,,,,,,,Q145,Verenigd Koninkrijk
Q2053561,Pervijze,Place,,,,,,,,Q31,België
Q2174334,Petite-Chapelle,Place,,,,,,,,Q31,België
Q185591,Pietermaritzburg,Place,,,,,,,,Q258,Zuid-Afrika
Q2404540,Pilling,Place,,,,,,,,Q145,Verenigd Koninkrijk
Q651724,Pittem,Place,,,,,,,,Q31,België
Q2351222,Ploegsteert,Place,,,,,,,,Q31,België
Q3475027,Poeke,Place,,,,,,,,Q31,België
Q2026781,Poelkapelle,Place,,,,,,,,Q31,België
Q2414284,Pollinkhove,Place,,,,,,,,Q31,België
Q499588,Poperinge,Place,,,,,,,,Q31,België
Q36433,Porto,Place,,,,,,,,Q45,Portugal
Q28599921,Portsea,Place,,,,,,,,Q145,Verenigd Koninkrijk
Q184090,Preston,Place,,,,,,,,Q145,Verenigd Koninkrijk
Q1003559,Prestwich,Place,,,,,,,,Q145,Verenigd Koninkrijk
Q2396419,Proven,Place,,,,,,,,Q31,België
Q3504647,Purworejo,Place,,,,,,,,Q252,Indonesië
Q908546,Puurs,Place,,,,,,,,Q31,België
Q36074,Queensland,Place,,,,,,,,Q408,Australië
Q773585,Rainsars,Place,,,,,,,,Q142,Frankrijk
Q2189234,Ramsel,Place,,,,,,,,Q31,België
Q1947380,Ranchi,Place,,,,,,,,Q668,India
Q161491,Reading,Place,,,,,,,,Q145,Verenigd Koninkrijk
Q2566545,Rekkem,Place,,,,,,,,Q31,België
Q2963326,Reninge,Place,,,,,,,,Q31,België
Q648,Rijsel,Place,,,,,,,,Q142,Frankrijk
Q8678,Rio de Janeiro,Place,,,,,,,,Q155,Brazilië
Q49218,Rochester,Place,,,,,,,,Q30,Verenigde Staten
Q3057456,Roehampton,Place,,,,,,,,Q145,Verenigd Koninkrijk
Q9783,Roermond,Place,,,,,,,,Q55,Nederland
Q2191390,Roesbrugge,Place,,,,,,,,Q31,België
Q2220639,Roesbrugge-Haringe,Place,,,,,,,,Q31,België
Q211037,Roeselare,Place,,,,,,,,Q31,België
Q2512929,Rollegem,Place,,,,,,,,Q31,België
Q2352516,Rollegem-Kapelle,Place,,,,,,,,Q31,België
Q220,Rome,Place,,,,,,,,Q38,Italië
Q268219,Ronse,Place,,,,,,,,Q31,België
Q34370,Rotterdam,Place,,,,,,,,Q55,Nederland
Q34001,Roubaix,Place,,,,,,,,Q142,Frankrijk
Q546635,Royal Leamington Spa,Place,,,,,,,,Q145,Verenigd Koninkrijk
Q2928815,Ruddervoorde,Place,,,,,,,,Q31,België
Q696982,Ruiselede,Place,,,,,,,,Q31,België
Q1704244,Rumbeke,Place,,,,,,,,Q31,België
Q3453174,Rumillies,Place,,,,,,,,Q31,België
Q1618770,Rupelmonde,Place,,,,,,,,Q31,België
Q776556,Ryde,Place,,,,,,,,Q145,Verenigd Koninkrijk
Q189153,Saint-Cloud,Place,,,,,,,,Q142,Frankrijk
Q109571087,Saint-Pierre-lès-Calais,Place,,,,,,,,Q142,Frankrijk
Q38298881,Saint-Roch,Place,,,,,,,,Q31,België
Q1068891,Saint-Venant,Place,,,,,,,,Q142,Frankrijk
Q604222,Sainte-Adresse,Place,,,,,,,,Q142,Frankrijk
Q47952,Salford,Place,,,,,,,,Q145,Verenigd Koninkrijk
Q22544,Sarrebourg,Place,,,,,,,,Q142,Frankrijk
Q743521,Scarborough,Place,,,,,,,,Q145,Verenigd Koninkrijk
Q12887,Schaarbeek,Place,,,,,,,,Q31,België
Q2392360,Scheldewindeke,Place,,,,,,,,Q31,België
Q911968,Schelle,Place,,,,,,,,Q31,België
Q263177,Schilde,Place,,,,,,,,Q31,België
Q1961936,Schinveld,Place,,,,,,,,Q55,Nederland
Q2568071,Schore,Place,,,,,,,,Q31,België
Q2755150,Schuiferskapelle,Place,,,,,,,,Q31,België
Q194037,Seraing,Place,,,,,,,,Q31,België
Q1287283,Serskamp,Place,,,,,,,,Q31,België
Q8717,Sevilla,Place,,,,,,,,Q29,Spanje
Q8686,Shanghai,Place,,,,,,,,Q148,Volksrepubliek China
Q201970,Shrewsbury,Place,,,,,,,,Q145,Verenigd Koninkrijk
Q54672,Siderno,Place,,,,,,,,Q38,Italië
Q3110841,Sijsele,Place,,,,,,,,Q31,België
Q3475052,Sinaai,Place,,,,,,,,Q31,België
Q667610,Singleton,Place,,,,,,,,Q408,Australië
Q2798071,Sinoutskerke,Place,,,,,,,,Q55,Nederland
Q2616736,Sint Anna ter Muiden,Place,,,,,,,,Q55,Nederland
Q2856296,Sint Kruis,Place,,,,,,,,Q55,Nederland
Q21764799,Sint-Amands,Place,,,,,,,,Q31,België
Q2936941,Sint-Amandsberg,Place,,,,,,,,Q31,België
Q2676933,Sint-Andries,Place,,,,,,,,Q31,België
Q3472219,Sint-Baafs-Vijve,Place,,,,,,,,Q31,België
Q2354846,Sint-Denijs,Place,,,,,,,,Q31,België
Q2538413,Sint-Denijs-Westrem,Place,,,,,,,,Q31,België
Q2320749,Sint-Eloois-Vijve,Place,,,,,,,,Q31,België
Q2314032,Sint-Eloois-Winkel,Place,,,,,,,,Q31,België
Q898394,Sint-Gillis-bij-Dendermonde,Place,,,,,,,,Q31,België
Q272243,Sint-Joost-ten-Node,Place,,,,,,,,Q31,België
Q3181971,Sint-Joris,Place,,,,,,,,Q31,België
Q2997099,Sint-Joris-Weert,Place,,,,,,,,Q31,België
Q1915517,Sint-Kornelis-Horebeke,Place,,,,,,,,Q31,België
Q2505670,Sint-Kruis,Place,,,,,,,,Q31,België
Q817372,Sint-Lievens-Houtem,Place,,,,,,,,Q31,België
Q2528725,Sint-Margriete,Place,,,,,,,,Q31,België
Q1904127,Sint-Maria-Latem,Place,,,,,,,,Q31,België
Q2026816,Sint-Maria-Oudenhove,Place,,,,,,,,Q31,België
Q430812,Sint-Michiels,Place,,,,,,,,Q31,België
Q687503,Sint-Momelijn,Place,,,,,,,,Q142,Frankrijk
Q13127,Sint-Niklaas,Place,,,,,,,,Q31,België
Q31521097,Sint-Niklaas,Place,,,,,,,,Q31,België
Q208793,Sint-Omaars,Place,,,,,,,,Q142,Frankrijk
Q2262095,Sint-Pauwels,Place,,,,,,,,Q31,België
Q688790,Sint-Pieters-Leeuw,Place,,,,,,,,Q31,België
Q2490578,Sint-Pieters-op-den-Dijk,Place,,,,,,,,Q31,België
Q37792,Sint-Truiden,Place,,,,,,,,Q31,België
Q244934,Sint-Winoksbergen,Place,,,,,,,,Q142,Frankrijk
Q3102205,Slijpe,Place,,,,,,,,Q31,België
Q2065987,Sluis,Place,,,,,,,,Q55,Nederland
Q1901132,Snellegem,Place,,,,,,,,Q31,België
Q612066,Soks,Place,,,,,,,,Q142,Frankrijk
Q486877,South Bend,Place,,,,,,,,Q30,Verenigde Staten
Q7567400,South Hackney,Place,,,,,,,,Q145,Verenigd Koninkrijk
Q1045096,South Kensington,Place,,,,,,,,Q145,Verenigd Koninkrijk
Q79848,Southampton,Place,,,,,,,,Q145,Verenigd Koninkrijk
Q5273898,Southwark,Place,,,,,,,,Q145,Verenigd Koninkrijk
Q39865,Spa,Place,,,,,,,,Q31,België
Q2610272,Spiere,Place,,,,,,,,Q31,België
Q26523296,"St Edward's Convent Of Mercy, And School",Place,,,,,,,,Q145,Verenigd Koninkrijk
Q2065416,St Pancras,Place,,,,,,,,Q145,Verenigd Koninkrijk
Q742876,Staden,Place,,,,,,,,Q31,België
Q2524088,Stasegem,Place,,,,,,,,Q31,België
Q2580670,Stavele,Place,,,,,,,,Q31,België
Q9005,Stedelijk gebied Brussel,Place,,,,,,,,Q31,België
Q2684417,Steenbrugge,Place,,,,,,,,Q31,België
Q3472086,Stene,Place,,,,,,,,Q31,België
Q134902,Stoke-on-Trent,Place,,,,,,,,Q145,Verenigd Koninkrijk
Q2449737,Stone,Place,,,,,,,,Q145,Verenigd Koninkrijk
Q7619622,Stonyhurst,Place,,,,,,,,Q145,Verenigd Koninkrijk
Q6602,Straatsburg,Place,,,,,,,,Q142,Frankrijk
Q1809460,Strijpen,Place,,,,,,,,Q31,België
Q188304,Sunderland,Place,,,,,,,,Q145,Verenigd Koninkrijk
Q3130,Sydney,Place,,,,,,,,Q408,Australië
Q531311,Teignmouth,Place,,,,,,,,Q145,Verenigd Koninkrijk
Q823623,Temse,Place,,,,,,,,Q31,België
Q1833538,Ten Brielen,Place,,,,,,,,Q31,België
Q3100236,Ternaaien,Place,,,,,,,,Q31,België
Q261399,Thérouanne,Place,,,,,,,,Q142,Frankrijk
Q1012354,Tiegem,Place,,,,,,,,Q31,België
Q73221,Tiel,Place,,,,,,,,Q55,Nederland
Q651811,Tielt,Place,,,,,,,,Q31,België
Q31555423,Tielt,Place,,,,,,,,Q31,België
Q456550,Tienen,Place,,,,,,,,Q31,België
Q190113,Tongeren,Place,,,,,,,,Q31,België
Q2248548,Tongerlo,Place,,,,,,,,Q31,België
Q270633,Torhout,Place,,,,,,,,Q31,België
Q182481,Tourcoing,Place,,,,,,,,Q142,Frankrijk
Q190959,Transvaal,Place,,,,,,,,Q193619,Unie van Zuid-Afrika
Q600301,Troy,Place,,,,,,,,Q30,Verenigde Staten
Q1143278,Twickenham,Place,,,,,,,,Q145,Verenigd Koninkrijk
Q203312,Ukkel,Place,,,,,,,,Q31,België
Q116202,Ursel,Place,,,,,,,,Q31,België
Q803,Utrecht,Place,,,,,,,,Q55,Nederland
Q9768,Vaals,Place,,,,,,,,Q55,Nederland
Q24639,Vancouver,Place,,,,,,,,Q16,Canada
Q2137484,Varsenare,Place,,,,,,,,Q31,België
Q3445977,Veldegem,Place,,,,,,,,Q31,België
Q4555175,Ver-Assebroek,Place,,,,,,,,Q31,België
Q30,Verenigde Staten,Place,,,,,,,,Q30,Verenigde Staten
Q621,Versailles,Place,,,,,,,,Q142,Frankrijk
Q202954,Verviers,Place,,,,,,,,Q31,België
Q602170,Veulen,Place,,,,,,,,Q31,België
Q506707,Veurne,Place,,,,,,,,Q31,België
Q1012357,Vichte,Place,,,,,,,,Q31,België
Q318418,Vilvoorde,Place,,,,,,,,Q31,België
Q580227,Vinkt,Place,,,,,,,,Q31,België
Q456495,Virton,Place,,,,,,,,Q31,België
Q284691,Vivenkapelle,Place,,,,,,,,Q31,België
Q9337,Vlaams Gewest,Place,,,,,,,,Q31,België
Q234,Vlaanderen,Place,,,,,,,,Q31,België
Q1411366,Vladslo,Place,,,,,,,,Q31,België
Q2693056,Vlamertinge,Place,,,,,,,,Q31,België
Q641313,Vleteren,Place,,,,,,,,Q142,Frankrijk
Q10084,Vlissingen,Place,,,,,,,,Q55,Nederland
Q1999262,Vollezele,Place,,,,,,,,Q31,België
Q2658385,Voormezele,Place,,,,,,,,Q31,België
Q848324,Voorschoten,Place,,,,,,,,Q55,Nederland
Q72946,Vorst,Place,,,,,,,,Q31,België
Q2358119,Vrasene,Place,,,,,,,,Q31,België
Q1367576,Vrouwenpolder,Place,,,,,,,,Q55,Nederland
Q911983,Waarschoot,Place,,,,,,,,Q31,België
Q587906,Waasmunster,Place,,,,,,,,Q31,België
Q3110836,Wakken,Place,,,,,,,,Q31,België
Q2629754,Wambeek,Place,,,,,,,,Q31,België
Q204547,Waregem,Place,,,,,,,,Q31,België
Q55453014,Warrabah,Place,,,,,,,,Q408,Australië
Q549761,Warwick,Place,,,,,,,,Q145,Verenigd Koninkrijk
Q1223,Washington,Place,,,,,,,,Q30,Verenigde Staten
Q1380709,Watervliet,Place,,,,,,,,Q30,Verenigde Staten
Q23661,Wellington,Place,,,,,,,,Q664,Nieuw-Zeeland
Q1354834,Werchter,Place,,,,,,,,Q31,België
Q2091146,Werken,Place,,,,,,,,Q31,België
Q318532,Wervik,Place,,,,,,,,Q31,België
Q1356,West-Bengalen,Place,,,,,,,,Q668,India
Q1113,West-Vlaanderen,Place,,,,,,,,Q31,België
Q475931,Westerlo,Place,,,,,,,,Q31,België
Q2107664,Westkapelle,Place,,,,,,,,Q31,België
Q2006454,Westkerke,Place,,,,,,,,Q31,België
Q189960,Westminster,Place,,,,,,,,Q145,Verenigd Koninkrijk
Q2231539,Westouter,Place,,,,,,,,Q31,België
Q2556717,Westvleteren,Place,,,,,,,,Q31,België
Q643980,Wetteren,Place,,,,,,,,Q31,België
Q392343,Wevelgem,Place,,,,,,,,Q31,België
Q730801,Wichelen,Place,,,,,,,,Q31,België
Q1012502,Wick,Place,,,,,,,,Q145,Verenigd Koninkrijk
Q339395,Wielsbeke,Place,,,,,,,,Q31,België
Q488688,Wiertz Museum,Place,,,,,,,,Q31,België
Q1721,Wiesbaden,Place,,,,,,,,Q183,Duitsland
Q2174414,Wijtschate,Place,,,,,,,,Q31,België
Q132679,Willemstad,Place,,,,,,,,Q25279,Curaçao
Q1817149,Wilsele,Place,,,,,,,,Q31,België
Q576579,Wilskerke,Place,,,,,,,,Q31,België
Q735797,Wingene,Place,,,,,,,,Q31,België
Q1939661,Woesten,Place,,,,,,,,Q31,België
Q839037,Wommelgem,Place,,,,,,,,Q31,België
Q2227700,Wontergem,Place,,,,,,,,Q31,België
Q1164598,Wormerveer,Place,,,,,,,,Q55,Nederland
Q670807,Wormhout,Place,,,,,,,,Q142,Frankrijk
Q840935,Wortegem-Petegem,Place,,,,,,,,Q31,België
Q2041336,Woumen,Place,,,,,,,,Q31,België
Q3110832,Wulpen,Place,,,,,,,,Q31,België
Q3012273,Wulveringem,Place,,,,,,,,Q31,België
Q163,Yorkshire,Place,,,,,,,,Q145,Verenigd Koninkrijk
Q1012476,Youghal,Place,,,,,,,,Q27,Ierland
Q2017210,Zande,Place,,,,,,,,Q31,België
Q146811,Zanesville,Place,,,,,,,,Q30,Verenigde Staten
Q2316093,Zarren,Place,,,,,,,,Q31,België
Q184287,Zedelgem,Place,,,,,,,,Q31,België
Q3474073,Zegelsem,Place,,,,,,,,Q31,België
Q388115,Zele,Place,,,,,,,,Q31,België
Q14062,Zelzate,Place,,,,,,,,Q31,België
Q2161674,Zerkegem,Place,,,,,,,,Q31,België
Q1160270,Zerkel,Place,,,,,,,,Q142,Frankrijk
Q1152274,Zermezele,Place,,,,,,,,Q142,Frankrijk
Q3110851,Zevekote,Place,,,,,,,,Q31,België
Q2337062,Zillebeke,Place,,,,,,,,Q31,België
Q204477,Zingem,Place,,,,,,,,Q31,België
Q218497,Zolder,Place,,,,,,,,Q31,België
Q219827,Zomergem,Place,,,,,,,,Q31,België
Q133769,Zonhoven,Place,,,,,,,,Q31,België
Q214154,Zonnebeke,Place,,,,,,,,Q31,België
Q258,Zuid-Afrika,Place,,,,,,,,Q258,Zuid-Afrika
Q228685,Zuienkerke,Place,,,,,,,,Q31,België
Q244513,Zwevegem,Place,,,,,,,,Q31,België
Q39,Zwitserland,Place,,,,,,,,Q39,Zwitserland
Q590398,bisdom Brugge,Place,,,,,,,,Q31,België
Q145,Verenigd Koninkrijk,Country,,,,,,,,,
Q833,Maleisië,Country,,,,,,,,,
Q55,Nederland,Country,,,,,,,,,
Q31,België,Country,,,,,,,,,
Q142,Frankrijk,Country,,,,,,,,,
Q183,Duitsland,Country,,,,,,,,,
Q30,Verenigde Staten,Country,,,,,,,,,
Q414,Argentinië,Country,,,,,,,,,
Q408,Australië,Country,,,,,,,,,
Q29,Spanje,Country,,,,,,,,,
Q668,India,Country,,,,,,,,,
Q8680,Britse Rijk,Country,,,,,,,,,
Q27,Ierland,Country,,,,,,,,,
Q16,Canada,Country,,,,,,,,,
Q262,Algerije,Country,,,,,,,,,
Q38,Italië,Country,,,,,,,,,
Q954,Zimbabwe,Country,,,,,,,,,
Q20,Noorwegen,Country,,,,,,,,,
Q189,IJsland,Country,,,,,,,,,
Q854,Sri Lanka,Country,,,,,,,,,
Q843,Pakistan,Country,,,,,,,,,
Q974,Congo-Kinshasa,Country,,,,,,,,,
Q924,Tanzania,Country,,,,,,,,,
Q33,Finland,Country,,,,,,,,,
Q159,Rusland,Country,,,,,,,,,
Q34,Zweden,Country,,,,,,,,,
Q39,Zwitserland,Country,,,,,,,,,
Q1027,Mauritius,Country,,,,,,,,,
Q711,Mongolië,Country,,,,,,,,,
Q796,Irak,Country,,,,,,,,,
Q664,Nieuw-Zeeland,Country,,,,,,,,,
Q155,Brazilië,Country,,,,,,,,,
Q258,Zuid-Afrika,Country,,,,,,,,,
Q45,Portugal,Country,,,,,,,,,
Q252,Indonesië,Country,,,,,,,,,
Q148,Volksrepubliek China,Country,,,,,,,,,
Q193619,Unie van Zuid-Afrika,Country,,,,,,,,,
Q25279,Curaçao,Country,,,,,,,,,